model,old_pk,new_pk,action,name,status,error
client,1,112,CREATE,MIDLAND EAST POWER LTD,SUCCESS,
client,2,113,CREATE,BASHUNDHARA INDUSTRIAL COMPLEX LTD,SUCCESS,
client,3,114,CREATE,MEGHNA CEMENT MILLS LTD ,SUCCESS,
client,4,115,CREATE,LEON OVERSEAS PTE LTD ,SUCCESS,
client,5,116,CREATE,FMS MARITIME LTD,SUCCESS,
client,6,117,CREATE,CERAMIN FZ LLC,SUCCESS,
client,7,118,CREATE,BASHUNDHARA INDUSTRIAL COMPLEX LTD MADANGANJ ,SUCCESS,
client,8,119,CREATE,INTERTEK (SUISEE) SA ,SUCCESS,
client,9,120,CREATE,"BASHUNDHARA INDUSTRIAL COMPLEX LTD, MONGLA ",SUCCESS,
client,10,121,CREATE,ORION OIL AND SHIPPING LTD ,SUCCESS,
client,11,122,CREATE,MEGHNA EDIBLE OIL REFINERY LIMITED,SUCCESS,
client,12,123,CREATE,UNITED SHIPPING LINES,SUCCESS,
client,13,124,CREATE,SHEHZAD FOOD PRODUCTS LIMITED  ,SUCCESS,
client,14,125,CREATE,INTERTEK USA INC 101 CM,SUCCESS,
client,15,126,CREATE,FEEDERTECH PTE LIMITED ,SUCCESS,
client,16,127,CREATE,SEA CONSORTIUM BANGLADESH LTD,SUCCESS,
client,17,128,CREATE,BANGLADESH EDIBLE OILS LIMITED ,SUCCESS,
client,18,129,CREATE,BIDFOODS PROCUREMENT COMMUNITY LIMITED ,SUCCESS,
client,19,130,CREATE,PSA MARINE BANGLADESH SHIPPING (PVT) LTD ,SUCCESS,
client,20,131,CREATE,MASUD TRADING ,SUCCESS,
client,21,132,CREATE,AMANAT AGENCY ,SUCCESS,
client,22,133,CREATE,INTERTEK TESTING SERVICES (SINGAPORE) PTE LTD ,SUCCESS,
client,23,134,CREATE,BASHUNDHARA FOOD AND BEVERAGE INDUSTRIES LIMITED ,SUCCESS,
client,24,135,CREATE,M HASAN & CO ,SUCCESS,
client,25,136,CREATE,INTERTEK INDIA PVT LIMITED -MUMBAI,SUCCESS,
client,26,137,CREATE,INTERTEK AUSTRALIA ,SUCCESS,
client,27,138,CREATE,SINLUANG CO. LTD ,SUCCESS,
client,28,139,CREATE,BEIJING CRS METALLURGICAL MARCHINERY CO LTD ,SUCCESS,
client,29,140,CREATE,OLDENDORFF GMBH ,SUCCESS,
client,30,141,CREATE,ANOWARA TRADING ,SUCCESS,
client,31,142,CREATE,BISMILLAH STORE ,SUCCESS,
client,32,143,CREATE,HASSAN & BROTHERS ,SUCCESS,
client,33,144,CREATE,AGRICULTURE & ENERGY CARRIERS,SUCCESS,
client,34,145,CREATE,SVITZER ASIA PTE LTD ,SUCCESS,
client,35,146,CREATE,BROTHERS ESTABLISHMENT ,SUCCESS,
client,36,147,CREATE,BASHUNDHARA MULTI FOOD PRODUCTS LTD,SUCCESS,
client,37,148,CREATE,FEEDERTECH PTE LTD,SUCCESS,
client,38,149,CREATE,CLIO SHIPPING AND LOGISTICS (BANGLADESH) LIMITED,SUCCESS,
client,39,150,CREATE,ZAHID BROTHERS & ALHAMDULLAH,SUCCESS,
client,40,151,CREATE,BANGLADESH MEGA EXIM (PVT) LTD ,SUCCESS,
client,41,152,CREATE,MAMA VAGNEY OIL MILL,SUCCESS,
client,42,153,CREATE,AMANAT AGENCY,SUCCESS,
client,43,154,CREATE,INSPECTA BANGLADESH LIMITED ,SUCCESS,
client,44,155,CREATE,EAGLE SHIPPING LINES,SUCCESS,
client,45,156,CREATE,ALAM TRADING CORPORATION ,SUCCESS,
client,46,157,CREATE,SEA WORLD CORPORATION,SUCCESS,
client,47,158,CREATE,BASHUNDHARA OIL AND GAS COMPANY LTD ,SUCCESS,
client,48,159,CREATE,MOHAMMADI TRADING CO. LTD ,SUCCESS,
client,49,160,CREATE,BACONSULT INC EESTI FILIAAL,SUCCESS,
client,50,161,CREATE,BASHUNDHARA EXPORT IMPORT LIMITED ,SUCCESS,
client,51,162,CREATE,BASHUNDHARA IMPORT  EXPORT LIMITED,SUCCESS,
client,52,163,CREATE,BASHUNDHARA PAPER MILLS LTD ,SUCCESS,
client,53,164,CREATE,BAY FISHING CORPORATION LTD ,SUCCESS,
client,54,165,CREATE,HASSAN AUTOMATIC DAL MILLS ,SUCCESS,
client,55,166,CREATE,SALMA TRADING ,SUCCESS,
client,56,167,CREATE,AGRICULTURE & ENERGY CARRIERS,SUCCESS,
client,57,168,CREATE,BS CARGO AGENCY ,SUCCESS,
client,58,169,CREATE,EXPORT TRADING BD LTD ,SUCCESS,
client,59,170,CREATE,FAST FREIGHT PTE LTD ,SUCCESS,
client,60,171,CREATE,SILVER DAL MILL ,SUCCESS,
client,61,172,CREATE,US LINES OVERSEAS LIMITED ,SUCCESS,
client,62,173,CREATE,UNIQUE CEMENT INDUSTRIES LTD,SUCCESS,
client,63,174,CREATE,CHEN SHIP MANAGEMENT PTE. LTD,SUCCESS,
client,64,175,CREATE,SIENNA BAY SHIPPING LTD ,SUCCESS,
client,65,176,CREATE,IMERYS CERAMICS INDIA PVT LTD ,SUCCESS,
client,66,177,CREATE,GAZI COMMODITIES LIMITED,SUCCESS,
client,67,178,CREATE,"ISLAND VIEW SHIP,SG",SUCCESS,
client,68,179,CREATE,SUN LINE SHIPPING PTE LTD,SUCCESS,
client,69,180,CREATE,AL AMIN ESTABLISHMENT,SUCCESS,
client,70,181,CREATE,SAFE SHIPPING LINES LIMITED,SUCCESS,
client,71,182,CREATE,SHUN SHING EDIBLE OIL LIMITED,SUCCESS,
client,72,183,CREATE,ITS TESTING SERVICES (M) SDN BHD,SUCCESS,
client,73,184,CREATE,AMMS INTERNATIONAL LIMITED,SUCCESS,
client,74,185,CREATE,BASHUNDHARA MULTI TRADING LIMITED DHAKA,SUCCESS,
client,75,186,CREATE,CALEB BRETT,SUCCESS,
client,76,187,CREATE,PORTLAND INTERNATIONAL LTD,SUCCESS,
client,77,188,CREATE,"ARIS SHIPPING CO., LTD ",SUCCESS,
client,78,189,CREATE,SEVEN SEAS SHIPPING LINES,SUCCESS,
client,79,190,CREATE,UNITED EDIBLE OILS LIMITED ,SUCCESS,
client,80,191,CREATE,KAMAL TRADING CO. LTD,SUCCESS,
client,81,192,CREATE,HUAYA SHIPPING CO. LTD,SUCCESS,
client,82,193,CREATE,NOVA MARINE CARRIERS SA,SUCCESS,
client,83,194,CREATE,SUMMIT ,SUCCESS,
client,84,195,CREATE,AQUATRANS LINES,SUCCESS,
client,85,196,CREATE,EMPTY ,SUCCESS,
client,86,197,CREATE,NOBLE CHETERING LIMITED ,SUCCESS,
client,87,198,CREATE,P.K AGRI LINK PVT. LTD.,SUCCESS,
client,88,199,CREATE,INTERTEK INDIA PVT LIMITED ,SUCCESS,
client,89,200,CREATE,CHATTOGRAM SHIPPING AGENCY ,SUCCESS,
client,90,201,CREATE,TRANS WORLD FEEDERS,SUCCESS,
client,91,202,CREATE,SAMUNDA SHIPPING LINES ,SUCCESS,
client,92,203,CREATE,BENGAL SHIPPING LINE LIMITED ,SUCCESS,
client,93,204,CREATE,SPG MINING PTE LTD ,SUCCESS,
client,94,205,CREATE,MN INTERNATIONAL ,SUCCESS,
client,95,206,CREATE,INTERTEK CALEB BRETT,SUCCESS,
client,96,207,CREATE,"TASNIM CONDENSED MILK LTD, ",SUCCESS,
client,97,208,CREATE,BD PULSE & COMMODITIES,SUCCESS,
client,98,209,CREATE,TM MARITIME LTD,SUCCESS,
client,99,210,CREATE,MEGHNA SUGAR REFINERY LIMITED ,SUCCESS,
client,100,211,CREATE,EXCELERATE ENERGY BANGLADESH LTD  ,SUCCESS,
client,101,212,CREATE,MEGHNA PVC LIMITED ,SUCCESS,
client,102,213,CREATE,UNIFEEDER FZCO,SUCCESS,
client,103,214,CREATE,MODKHA MRINE SDN BHD,SUCCESS,
client,104,215,CREATE,TOGI SHIPPING,SUCCESS,
client,105,216,CREATE,INTERTEK LINTEC,SUCCESS,
client,106,217,CREATE,SEACON ENTERPRISE PTE LTD ,SUCCESS,
client,107,218,CREATE,QC SHIPPING LTD,SUCCESS,
client,108,219,CREATE,IBRAT TRADING,SUCCESS,
client,109,220,CREATE,MEGHNA GLASS INDUSTRIES LIMITED ,SUCCESS,
client,110,221,CREATE,ASSURANCE MARITIME BANGLADESH LTD.,SUCCESS,
client,111,222,CREATE,SHABNAM VEGETABLE OIL LTD,SUCCESS,
client,112,223,CREATE,MEGHNA GLASS INDUSTRIES LIMITED,SUCCESS,
client,113,224,CREATE,SONARGOAN FLOUR AND DAL MILLS LTD ,SUCCESS,
client,114,225,CREATE,STARPATH SEATRADE LTD,SUCCESS,
client,115,226,CREATE,"CRYSTAL SEA SHIPPING CO., LTD ",SUCCESS,
client,116,227,CREATE,SHODESH SHIPPING & LOGISTICS,SUCCESS,
client,117,228,CREATE,AKIJ FLOUR MILLS LTD,SUCCESS,
client,118,229,CREATE,LAURITZEN BULKERS A/S,SUCCESS,
client,119,230,CREATE,TRADEMAX BROKERAGE,SUCCESS,
client,120,231,CREATE,MAA DAL MILL,SUCCESS,
client,121,232,CREATE,LUSHAI SHIPPING & TRADING,SUCCESS,
client,122,233,CREATE,OCEAN FUEL TNT'L,SUCCESS,
client,123,234,CREATE,WATER TRANSPORT CELL,SUCCESS,
client,124,235,CREATE,INTERTEK BANGLADESH LIMITED ,SUCCESS,
client,125,236,CREATE,SGS TRADE INTERNATIONAL,SUCCESS,
client,126,237,CREATE,M/S. PAYEL TRADERS,SUCCESS,
client,127,238,CREATE,M/S. PAPRI DAL MILL,SUCCESS,
client,128,239,CREATE,NURJAHAN GROUP,SUCCESS,
client,129,240,CREATE,MUNAL TRADING,SUCCESS,
client,130,241,CREATE,M/S. SONARGAON SALT INDUSTRIES LTD.,SUCCESS,
client,131,242,CREATE,MST MARINE ENTERPRISE LTD.,SUCCESS,
client,132,243,CREATE,DHAKA SALT CHEMICALS LTD.,SUCCESS,
client,133,244,CREATE,LOUIS DREYFUS COMPANY,SUCCESS,
client,134,245,CREATE,LOVELY STORE ,SUCCESS,
client,135,246,CREATE,KHATUNGANJ CORPORATION ,SUCCESS,
client,136,247,CREATE,M/S. SABISA MULTITRADE LIMITED,SUCCESS,
client,137,248,CREATE,M/S. M.A. SALAM AND CO,SUCCESS,
client,138,249,CREATE,BENGUARD MARITIME LTD.,SUCCESS,
client,139,250,CREATE,UNIQUE SHIPPING AGENCY ,SUCCESS,
client,140,251,CREATE,MEGHNA PULP AND PAPER,SUCCESS,
client,141,252,CREATE,JESPAR TRADING,SUCCESS,
client,142,253,CREATE,"R. B. AGRO LTD., FAISAL TRADING CO.",SUCCESS,
client,143,254,CREATE,SHENSHIP (SINGAPORE) PTE LTD,SUCCESS,
client,144,255,CREATE,SONARGAON SEEDS CRUSHING,SUCCESS,
client,145,256,CREATE,OPTICORE LOGISTICS,SUCCESS,
client,146,257,CREATE,MOJUMA TRADERS ,SUCCESS,
client,147,258,CREATE,MS SALMAN KHURSHID ,SUCCESS,
client,148,259,CREATE,M/S. ZILANI OIL MILL,SUCCESS,
client,149,260,CREATE,WAHAB SEA SERVICE,SUCCESS,
client,150,261,CREATE,PAYEL AUTOMATIC PROCESSING MILLS,SUCCESS,
client,151,262,CREATE,PRIME OCEAN TRADE LIMITED.,SUCCESS,
client,152,263,CREATE,AKIJ SHIPPING LINE LTD.,SUCCESS,
client,153,264,CREATE,TRINCO MARITIME INC,SUCCESS,
client,154,265,CREATE,BPG SHIPPING COMPANY DMCC,SUCCESS,
client,155,266,CREATE,CDX ENTERPRISE PTE LTD,SUCCESS,
client,156,267,CREATE,HEDERSON INTERNATIONAL BANGLADESH LIMITED ,SUCCESS,
client,157,268,CREATE,MAINLINE CARTERING INC,SUCCESS,
client,158,269,CREATE,SHORELINE SERVICES LTD,SUCCESS,
client,159,270,CREATE,AUTHENTIC CARRIERS CO.,SUCCESS,
client,160,271,CREATE,UNI - GLOBAL BUSINESS LTD,SUCCESS,
client,161,272,CREATE,DRYDEL SHIPPING,SUCCESS,
client,162,273,CREATE,WAHALESS SHIPPING,SUCCESS,
client,163,274,CREATE,GM FOOD INDUSTRIES (PRIVATE) LIMITED,SUCCESS,
client,164,275,CREATE,RENU SHIPPING LINES,SUCCESS,
