timestamp,old_pk,new_pk,action,name,status,error
2025-05-01T15:47:43.323418,1,112,CREATE,MIDLAND EAST POWER LTD,SUCCESS,
2025-05-01T15:47:43.510920,2,113,CREATE,BASHUNDHARA INDUSTRIAL COMPLEX LTD,SUCCESS,
2025-05-01T15:47:43.713977,3,114,CREATE,MEGHNA CEMENT MILLS LTD ,SUCCESS,
2025-05-01T15:47:43.885896,4,115,CREATE,LEON OVERSEAS PTE LTD ,SUCCESS,
2025-05-01T15:47:44.073419,5,116,CREATE,FMS MARITIME LTD,SUCCESS,
2025-05-01T15:47:44.245227,6,117,CREATE,CERAMIN FZ LLC,SUCCESS,
2025-05-01T15:47:44.432724,7,118,CREATE,BASHUNDHARA INDUSTRIAL COMPLEX LTD MADANGANJ ,SUCCESS,
2025-05-01T15:47:44.667169,8,119,CREATE,INTERTEK (SUISEE) SA ,SUCCESS,
2025-05-01T15:47:44.838998,9,120,CREATE,"BASHUNDHARA INDUSTRIAL COMPLEX LTD, MONGLA ",SUCCESS,
2025-05-01T15:47:45.026544,10,121,CREATE,ORION OIL AND SHIPPING LTD ,SUCCESS,
2025-05-01T15:47:45.229669,11,122,CREATE,MEGHNA EDIBLE OIL REFINERY LIMITED,SUCCESS,
2025-05-01T15:47:45.417169,12,123,CREATE,UNITED SHIPPING LINES,SUCCESS,
2025-05-01T15:47:45.604668,13,124,CREATE,SHEHZAD FOOD PRODUCTS LIMITED  ,SUCCESS,
2025-05-01T15:47:45.792170,14,125,CREATE,INTERTEK USA INC 101 CM,SUCCESS,
2025-05-01T15:47:45.979668,15,126,CREATE,FEEDERTECH PTE LIMITED ,SUCCESS,
2025-05-01T15:47:46.417170,16,127,CREATE,SEA CONSORTIUM BANGLADESH LTD,SUCCESS,
2025-05-01T15:47:46.604669,17,128,CREATE,BANGLADESH EDIBLE OILS LIMITED ,SUCCESS,
2025-05-01T15:47:46.808740,18,129,CREATE,BIDFOODS PROCUREMENT COMMUNITY LIMITED ,SUCCESS,
2025-05-01T15:47:47.060111,19,130,CREATE,PSA MARINE BANGLADESH SHIPPING (PVT) LTD ,SUCCESS,
2025-05-01T15:47:47.247678,20,131,CREATE,MASUD TRADING ,SUCCESS,
2025-05-01T15:47:47.450804,21,132,CREATE,AMANAT AGENCY ,SUCCESS,
2025-05-01T15:47:47.622678,22,133,CREATE,INTERTEK TESTING SERVICES (SINGAPORE) PTE LTD ,SUCCESS,
2025-05-01T15:47:47.794553,23,134,CREATE,BASHUNDHARA FOOD AND BEVERAGE INDUSTRIES LIMITED ,SUCCESS,
2025-05-01T15:47:47.982053,24,135,CREATE,M HASAN & CO ,SUCCESS,
2025-05-01T15:47:48.153928,25,136,CREATE,INTERTEK INDIA PVT LIMITED -MUMBAI,SUCCESS,
2025-05-01T15:47:48.325804,26,137,CREATE,INTERTEK AUSTRALIA ,SUCCESS,
2025-05-01T15:47:48.513303,27,138,CREATE,SINLUANG CO. LTD ,SUCCESS,
2025-05-01T15:47:48.700756,28,139,CREATE,BEIJING CRS METALLURGICAL MARCHINERY CO LTD ,SUCCESS,
2025-05-01T15:47:48.872679,29,140,CREATE,OLDENDORFF GMBH ,SUCCESS,
2025-05-01T15:47:49.060108,30,141,CREATE,ANOWARA TRADING ,SUCCESS,
2025-05-01T15:47:49.232053,31,142,CREATE,BISMILLAH STORE ,SUCCESS,
2025-05-01T15:47:49.388303,32,143,CREATE,HASSAN & BROTHERS ,SUCCESS,
2025-05-01T15:47:49.591354,33,144,CREATE,AGRICULTURE & ENERGY CARRIERS,SUCCESS,
2025-05-01T15:47:49.778854,34,145,CREATE,SVITZER ASIA PTE LTD ,SUCCESS,
2025-05-01T15:47:49.966428,35,146,CREATE,BROTHERS ESTABLISHMENT ,SUCCESS,
2025-05-01T15:47:50.153928,36,147,CREATE,BASHUNDHARA MULTI FOOD PRODUCTS LTD,SUCCESS,
2025-05-01T15:47:50.325803,37,148,CREATE,FEEDERTECH PTE LTD,SUCCESS,
2025-05-01T15:47:50.513303,38,149,CREATE,CLIO SHIPPING AND LOGISTICS (BANGLADESH) LIMITED,SUCCESS,
2025-05-01T15:47:50.685178,39,150,CREATE,ZAHID BROTHERS & ALHAMDULLAH,SUCCESS,
2025-05-01T15:47:50.872678,40,151,CREATE,BANGLADESH MEGA EXIM (PVT) LTD ,SUCCESS,
2025-05-01T15:47:51.060179,41,152,CREATE,MAMA VAGNEY OIL MILL,SUCCESS,
2025-05-01T15:47:51.216355,42,153,CREATE,AMANAT AGENCY,SUCCESS,
2025-05-01T15:47:51.403928,43,154,CREATE,INSPECTA BANGLADESH LIMITED ,SUCCESS,
2025-05-01T15:47:51.591428,44,155,CREATE,EAGLE SHIPPING LINES,SUCCESS,
2025-05-01T15:47:51.763303,45,156,CREATE,ALAM TRADING CORPORATION ,SUCCESS,
2025-05-01T15:47:51.935179,46,157,CREATE,SEA WORLD CORPORATION,SUCCESS,
2025-05-01T15:47:52.107054,47,158,CREATE,BASHUNDHARA OIL AND GAS COMPANY LTD ,SUCCESS,
2025-05-01T15:47:52.294482,48,159,CREATE,MOHAMMADI TRADING CO. LTD ,SUCCESS,
2025-05-01T15:47:52.482053,49,160,CREATE,BACONSULT INC EESTI FILIAAL,SUCCESS,
2025-05-01T15:47:52.653928,50,161,CREATE,BASHUNDHARA EXPORT IMPORT LIMITED ,SUCCESS,
2025-05-01T15:47:52.841356,51,162,CREATE,BASHUNDHARA IMPORT  EXPORT LIMITED,SUCCESS,
2025-05-01T15:47:53.028928,52,163,CREATE,BASHUNDHARA PAPER MILLS LTD ,SUCCESS,
2025-05-01T15:47:53.200804,53,164,CREATE,BAY FISHING CORPORATION LTD ,SUCCESS,
2025-05-01T15:47:53.419479,54,165,CREATE,HASSAN AUTOMATIC DAL MILLS ,SUCCESS,
2025-05-01T15:47:53.591430,55,166,CREATE,SALMA TRADING ,SUCCESS,
2025-05-01T15:47:53.778928,56,167,CREATE,AGRICULTURE & ENERGY CARRIERS,SUCCESS,
2025-05-01T15:47:53.950798,57,168,CREATE,BS CARGO AGENCY ,SUCCESS,
2025-05-01T15:47:54.138303,58,169,CREATE,EXPORT TRADING BD LTD ,SUCCESS,
2025-05-01T15:47:54.310178,59,170,CREATE,FAST FREIGHT PTE LTD ,SUCCESS,
2025-05-01T15:47:54.482054,60,171,CREATE,SILVER DAL MILL ,SUCCESS,
2025-05-01T15:47:54.669553,61,172,CREATE,US LINES OVERSEAS LIMITED ,SUCCESS,
2025-05-01T15:47:54.841429,62,173,CREATE,UNIQUE CEMENT INDUSTRIES LTD,SUCCESS,
2025-05-01T15:47:55.013304,63,174,CREATE,CHEN SHIP MANAGEMENT PTE. LTD,SUCCESS,
2025-05-01T15:47:55.200803,64,175,CREATE,SIENNA BAY SHIPPING LTD ,SUCCESS,
2025-05-01T15:47:55.388303,65,176,CREATE,IMERYS CERAMICS INDIA PVT LTD ,SUCCESS,
2025-05-01T15:47:55.560179,66,177,CREATE,GAZI COMMODITIES LIMITED,SUCCESS,
2025-05-01T15:47:55.731988,67,178,CREATE,"ISLAND VIEW SHIP,SG",SUCCESS,
2025-05-01T15:47:55.919554,68,179,CREATE,SUN LINE SHIPPING PTE LTD,SUCCESS,
2025-05-01T15:47:56.138304,69,180,CREATE,AL AMIN ESTABLISHMENT,SUCCESS,
2025-05-01T15:47:56.388303,70,181,CREATE,SAFE SHIPPING LINES LIMITED,SUCCESS,
2025-05-01T15:47:56.601569,71,182,CREATE,SHUN SHING EDIBLE OIL LIMITED,SUCCESS,
2025-05-01T15:47:56.773506,72,183,CREATE,ITS TESTING SERVICES (M) SDN BHD,SUCCESS,
2025-05-01T15:47:56.961007,73,184,CREATE,AMMS INTERNATIONAL LIMITED,SUCCESS,
2025-05-01T15:47:57.164131,74,185,CREATE,BASHUNDHARA MULTI TRADING LIMITED DHAKA,SUCCESS,
2025-05-01T15:47:57.367202,75,186,CREATE,CALEB BRETT,SUCCESS,
2025-05-01T15:47:57.570381,76,187,CREATE,PORTLAND INTERNATIONAL LTD,SUCCESS,
2025-05-01T15:47:57.742256,77,188,CREATE,"ARIS SHIPPING CO., LTD ",SUCCESS,
2025-05-01T15:47:57.914131,78,189,CREATE,SEVEN SEAS SHIPPING LINES,SUCCESS,
2025-05-01T15:47:58.070386,79,190,CREATE,UNITED EDIBLE OILS LIMITED ,SUCCESS,
2025-05-01T15:47:58.211006,80,191,CREATE,KAMAL TRADING CO. LTD,SUCCESS,
2025-05-01T15:47:58.382881,81,192,CREATE,HUAYA SHIPPING CO. LTD,SUCCESS,
2025-05-01T15:47:58.539131,82,193,CREATE,NOVA MARINE CARRIERS SA,SUCCESS,
2025-05-01T15:47:58.679756,83,194,CREATE,SUMMIT ,SUCCESS,
2025-05-01T15:47:58.867258,84,195,CREATE,AQUATRANS LINES,SUCCESS,
2025-05-01T15:47:59.023435,85,196,CREATE,EMPTY ,SUCCESS,
2025-05-01T15:47:59.179756,86,197,CREATE,NOBLE CHETERING LIMITED ,SUCCESS,
2025-05-01T15:47:59.336005,87,198,CREATE,P.K AGRI LINK PVT. LTD.,SUCCESS,
2025-05-01T15:47:59.507881,88,199,CREATE,INTERTEK INDIA PVT LIMITED ,SUCCESS,
2025-05-01T15:47:59.664131,89,200,CREATE,CHATTOGRAM SHIPPING AGENCY ,SUCCESS,
2025-05-01T15:47:59.820381,90,201,CREATE,TRANS WORLD FEEDERS,SUCCESS,
2025-05-01T15:47:59.992257,91,202,CREATE,SAMUNDA SHIPPING LINES ,SUCCESS,
2025-05-01T15:48:00.148506,92,203,CREATE,BENGAL SHIPPING LINE LIMITED ,SUCCESS,
2025-05-01T15:48:00.304757,93,204,CREATE,SPG MINING PTE LTD ,SUCCESS,
2025-05-01T15:48:00.461006,94,205,CREATE,MN INTERNATIONAL ,SUCCESS,
2025-05-01T15:48:00.632881,95,206,CREATE,INTERTEK CALEB BRETT,SUCCESS,
2025-05-01T15:48:00.804683,96,207,CREATE,"TASNIM CONDENSED MILK LTD, ",SUCCESS,
2025-05-01T15:48:01.023506,97,208,CREATE,BD PULSE & COMMODITIES,SUCCESS,
2025-05-01T15:48:01.179756,98,209,CREATE,TM MARITIME LTD,SUCCESS,
2025-05-01T15:48:01.445381,99,210,CREATE,MEGHNA SUGAR REFINERY LIMITED ,SUCCESS,
2025-05-01T15:48:01.648506,100,211,CREATE,EXCELERATE ENERGY BANGLADESH LTD  ,SUCCESS,
2025-05-01T15:48:01.820381,101,212,CREATE,MEGHNA PVC LIMITED ,SUCCESS,
2025-05-01T15:48:01.992183,102,213,CREATE,UNIFEEDER FZCO,SUCCESS,
2025-05-01T15:48:02.164131,103,214,CREATE,MODKHA MRINE SDN BHD,SUCCESS,
2025-05-01T15:48:02.320381,104,215,CREATE,TOGI SHIPPING,SUCCESS,
2025-05-01T15:48:02.507882,105,216,CREATE,INTERTEK LINTEC,SUCCESS,
2025-05-01T15:48:02.711009,106,217,CREATE,SEACON ENTERPRISE PTE LTD ,SUCCESS,
2025-05-01T15:48:02.882881,107,218,CREATE,QC SHIPPING LTD,SUCCESS,
2025-05-01T15:48:03.070381,108,219,CREATE,IBRAT TRADING,SUCCESS,
2025-05-01T15:48:03.273431,109,220,CREATE,MEGHNA GLASS INDUSTRIES LIMITED ,SUCCESS,
2025-05-01T15:48:03.445381,110,221,CREATE,ASSURANCE MARITIME BANGLADESH LTD.,SUCCESS,
2025-05-01T15:48:03.632881,111,222,CREATE,SHABNAM VEGETABLE OIL LTD,SUCCESS,
2025-05-01T15:48:03.804756,112,223,CREATE,MEGHNA GLASS INDUSTRIES LIMITED,SUCCESS,
2025-05-01T15:48:04.007881,113,224,CREATE,SONARGOAN FLOUR AND DAL MILLS LTD ,SUCCESS,
2025-05-01T15:48:04.242256,114,225,CREATE,STARPATH SEATRADE LTD,SUCCESS,
2025-05-01T15:48:04.429756,115,226,CREATE,"CRYSTAL SEA SHIPPING CO., LTD ",SUCCESS,
2025-05-01T15:48:04.632882,116,227,CREATE,SHODESH SHIPPING & LOGISTICS,SUCCESS,
2025-05-01T15:48:04.867184,117,228,CREATE,AKIJ FLOUR MILLS LTD,SUCCESS,
2025-05-01T15:48:05.054756,118,229,CREATE,LAURITZEN BULKERS A/S,SUCCESS,
2025-05-01T15:48:05.273507,119,230,CREATE,TRADEMAX BROKERAGE,SUCCESS,
2025-05-01T15:48:05.461006,120,231,CREATE,MAA DAL MILL,SUCCESS,
2025-05-01T15:48:05.664131,121,232,CREATE,LUSHAI SHIPPING & TRADING,SUCCESS,
2025-05-01T15:48:05.851631,122,233,CREATE,OCEAN FUEL TNT'L,SUCCESS,
2025-05-01T15:48:06.039131,123,234,CREATE,WATER TRANSPORT CELL,SUCCESS,
2025-05-01T15:48:06.217403,124,235,CREATE,INTERTEK BANGLADESH LIMITED ,SUCCESS,
2025-05-01T15:48:06.516808,125,236,CREATE,SGS TRADE INTERNATIONAL,SUCCESS,
2025-05-01T15:48:06.716697,126,237,CREATE,M/S. PAYEL TRADERS,SUCCESS,
2025-05-01T15:48:06.893119,127,238,CREATE,M/S. PAPRI DAL MILL,SUCCESS,
2025-05-01T15:48:07.068083,128,239,CREATE,NURJAHAN GROUP,SUCCESS,
2025-05-01T15:48:07.269490,129,240,CREATE,MUNAL TRADING,SUCCESS,
2025-05-01T15:48:07.468248,130,241,CREATE,M/S. SONARGAON SALT INDUSTRIES LTD.,SUCCESS,
2025-05-01T15:48:07.668174,131,242,CREATE,MST MARINE ENTERPRISE LTD.,SUCCESS,
2025-05-01T15:48:07.850056,132,243,CREATE,DHAKA SALT CHEMICALS LTD.,SUCCESS,
2025-05-01T15:48:08.088698,133,244,CREATE,LOUIS DREYFUS COMPANY,SUCCESS,
2025-05-01T15:48:08.268144,134,245,CREATE,LOVELY STORE ,SUCCESS,
2025-05-01T15:48:08.466036,135,246,CREATE,KHATUNGANJ CORPORATION ,SUCCESS,
2025-05-01T15:48:08.651647,136,247,CREATE,M/S. SABISA MULTITRADE LIMITED,SUCCESS,
2025-05-01T15:48:08.860610,137,248,CREATE,M/S. M.A. SALAM AND CO,SUCCESS,
2025-05-01T15:48:09.063735,138,249,CREATE,BENGUARD MARITIME LTD.,SUCCESS,
2025-05-01T15:48:09.251235,139,250,CREATE,UNIQUE SHIPPING AGENCY ,SUCCESS,
2025-05-01T15:48:09.454360,140,251,CREATE,MEGHNA PULP AND PAPER,SUCCESS,
2025-05-01T15:48:09.657486,141,252,CREATE,JESPAR TRADING,SUCCESS,
2025-05-01T15:48:09.829360,142,253,CREATE,"R. B. AGRO LTD., FAISAL TRADING CO.",SUCCESS,
2025-05-01T15:48:10.032485,143,254,CREATE,SHENSHIP (SINGAPORE) PTE LTD,SUCCESS,
2025-05-01T15:48:10.251173,144,255,CREATE,SONARGAON SEEDS CRUSHING,SUCCESS,
2025-05-01T15:48:10.438736,145,256,CREATE,OPTICORE LOGISTICS,SUCCESS,
2025-05-01T15:48:10.657486,146,257,CREATE,MOJUMA TRADERS ,SUCCESS,
2025-05-01T15:48:10.860610,147,258,CREATE,MS SALMAN KHURSHID ,SUCCESS,
2025-05-01T15:48:11.048111,148,259,CREATE,M/S. ZILANI OIL MILL,SUCCESS,
2025-05-01T15:48:11.235610,149,260,CREATE,WAHAB SEA SERVICE,SUCCESS,
2025-05-01T15:48:11.423110,150,261,CREATE,PAYEL AUTOMATIC PROCESSING MILLS,SUCCESS,
2025-05-01T15:48:11.610611,151,262,CREATE,PRIME OCEAN TRADE LIMITED.,SUCCESS,
2025-05-01T15:48:11.798112,152,263,CREATE,AKIJ SHIPPING LINE LTD.,SUCCESS,
2025-05-01T15:48:12.001236,153,264,CREATE,TRINCO MARITIME INC,SUCCESS,
2025-05-01T15:48:12.204360,154,265,CREATE,BPG SHIPPING COMPANY DMCC,SUCCESS,
2025-05-01T15:48:12.391861,155,266,CREATE,CDX ENTERPRISE PTE LTD,SUCCESS,
2025-05-01T15:48:12.579360,156,267,CREATE,HEDERSON INTERNATIONAL BANGLADESH LIMITED ,SUCCESS,
2025-05-01T15:48:12.766861,157,268,CREATE,MAINLINE CARTERING INC,SUCCESS,
2025-05-01T15:48:12.938735,158,269,CREATE,SHORELINE SERVICES LTD,SUCCESS,
2025-05-01T15:48:13.157419,159,270,CREATE,AUTHENTIC CARRIERS CO.,SUCCESS,
2025-05-01T15:48:13.376235,160,271,CREATE,UNI - GLOBAL BUSINESS LTD,SUCCESS,
2025-05-01T15:48:13.579360,161,272,CREATE,DRYDEL SHIPPING,SUCCESS,
2025-05-01T15:48:13.782486,162,273,CREATE,WAHALESS SHIPPING,SUCCESS,
2025-05-01T15:48:14.001235,163,274,CREATE,GM FOOD INDUSTRIES (PRIVATE) LIMITED,SUCCESS,
2025-05-01T15:48:14.204360,164,275,CREATE,RENU SHIPPING LINES,SUCCESS,
