timestamp,model,old_pk,new_pk,action,name,status,error
2025-05-01T21:51:58.428778,OperationalExpenditure,11,4,CREATE,18,SUCCESS,
2025-05-01T21:51:58.600653,OperationalExpenditure,12,5,CREATE,17,SUCCESS,
2025-05-01T21:51:58.788086,OperationalExpenditure,13,6,CREATE,10,SUCCESS,
2025-05-01T21:51:58.975653,OperationalExpenditure,14,7,CREATE,11,SUCCESS,
2025-05-01T21:51:59.163153,OperationalExpenditure,15,8,CREATE,12,SUCCESS,
2025-05-01T21:51:59.335028,OperationalExpenditure,16,9,CREATE,16,SUCCESS,
2025-05-01T21:51:59.491207,OperationalExpenditure,17,10,CREATE,13,SUCCESS,
2025-05-01T21:51:59.663085,OperationalExpenditure,18,11,CREATE,14,SUCCESS,
2025-05-01T21:51:59.835031,OperationalExpenditure,19,12,CREATE,19,SUCCESS,
2025-05-01T21:52:00.006903,OperationalExpenditure,20,13,CREATE,4,SUCCESS,
2025-05-01T21:52:00.163153,OperationalExpenditure,21,14,CREATE,20,SUCCESS,
2025-05-01T21:52:00.319402,OperationalExpenditure,22,15,CREATE,8,SUCCESS,
2025-05-01T21:52:00.506831,OperationalExpenditure,23,16,CREATE,22,SUCCESS,
2025-05-01T21:52:00.678777,OperationalExpenditure,24,17,CREATE,7,SUCCESS,
2025-05-01T21:52:00.835028,OperationalExpenditure,25,18,CREATE,27,SUCCESS,
2025-05-01T21:52:01.006903,OperationalExpenditure,26,19,CREATE,28,SUCCESS,
2025-05-01T21:52:01.178778,OperationalExpenditure,27,20,CREATE,25,SUCCESS,
2025-05-01T21:52:01.335029,OperationalExpenditure,28,21,CREATE,26,SUCCESS,
2025-05-01T21:52:01.506903,OperationalExpenditure,29,22,CREATE,31,SUCCESS,
2025-05-01T21:52:01.663153,OperationalExpenditure,30,23,CREATE,32,SUCCESS,
2025-05-01T21:52:01.835029,OperationalExpenditure,31,24,CREATE,1,SUCCESS,
2025-05-01T21:52:02.006903,OperationalExpenditure,32,25,CREATE,33,SUCCESS,
2025-05-01T21:52:02.163153,OperationalExpenditure,33,26,CREATE,34,SUCCESS,
2025-05-01T21:52:02.319403,OperationalExpenditure,34,27,CREATE,35,SUCCESS,
2025-05-01T21:52:02.501506,OperationalExpenditure,35,28,CREATE,36,SUCCESS,
2025-05-01T21:52:02.657757,OperationalExpenditure,36,29,CREATE,37,SUCCESS,
2025-05-01T21:52:02.814007,OperationalExpenditure,37,30,CREATE,38,SUCCESS,
2025-05-01T21:52:02.985882,OperationalExpenditure,38,31,CREATE,39,SUCCESS,
2025-05-01T21:52:03.157756,OperationalExpenditure,39,32,CREATE,40,SUCCESS,
2025-05-01T21:52:03.298382,OperationalExpenditure,40,33,CREATE,41,SUCCESS,
2025-05-01T21:52:03.470256,OperationalExpenditure,41,34,CREATE,42,SUCCESS,
2025-05-01T21:52:03.642131,OperationalExpenditure,42,35,CREATE,43,SUCCESS,
2025-05-01T21:52:03.829632,OperationalExpenditure,43,36,CREATE,44,SUCCESS,
2025-05-01T21:52:04.001506,OperationalExpenditure,44,37,CREATE,45,SUCCESS,
2025-05-01T21:52:04.157758,OperationalExpenditure,45,38,CREATE,51,SUCCESS,
2025-05-01T21:52:04.329610,OperationalExpenditure,46,39,CREATE,46,SUCCESS,
2025-05-01T21:52:04.485881,OperationalExpenditure,47,40,CREATE,47,SUCCESS,
2025-05-01T21:52:04.657757,OperationalExpenditure,48,41,CREATE,48,SUCCESS,
2025-05-01T21:52:04.829632,OperationalExpenditure,49,42,CREATE,49,SUCCESS,
2025-05-01T21:52:04.985882,OperationalExpenditure,50,43,CREATE,50,SUCCESS,
2025-05-01T21:52:05.204632,OperationalExpenditure,51,44,CREATE,52,SUCCESS,
2025-05-01T21:52:05.376507,OperationalExpenditure,52,45,CREATE,53,SUCCESS,
2025-05-01T21:52:05.548382,OperationalExpenditure,53,46,CREATE,54,SUCCESS,
2025-05-01T21:52:05.751434,OperationalExpenditure,54,47,CREATE,55,SUCCESS,
2025-05-01T21:52:05.923382,OperationalExpenditure,55,48,CREATE,57,SUCCESS,
2025-05-01T21:52:06.095257,OperationalExpenditure,56,49,CREATE,58,SUCCESS,
2025-05-01T21:52:06.282757,OperationalExpenditure,57,50,CREATE,61,SUCCESS,
2025-05-01T21:52:06.470258,OperationalExpenditure,58,51,CREATE,59,SUCCESS,
2025-05-01T21:52:06.657758,OperationalExpenditure,59,52,CREATE,60,SUCCESS,
2025-05-01T21:52:06.845219,OperationalExpenditure,60,53,CREATE,62,SUCCESS,
2025-05-01T21:52:07.032756,OperationalExpenditure,61,54,CREATE,65,SUCCESS,
2025-05-01T21:52:07.220257,OperationalExpenditure,62,55,CREATE,63,SUCCESS,
2025-05-01T21:52:07.392131,OperationalExpenditure,63,56,CREATE,64,SUCCESS,
2025-05-01T21:52:07.579632,OperationalExpenditure,64,57,CREATE,66,SUCCESS,
2025-05-01T21:52:07.751507,OperationalExpenditure,65,58,CREATE,67,SUCCESS,
2025-05-01T21:52:07.954564,OperationalExpenditure,66,59,CREATE,68,SUCCESS,
2025-05-01T21:52:08.142132,OperationalExpenditure,67,60,CREATE,69,SUCCESS,
2025-05-01T21:52:08.360882,OperationalExpenditure,68,61,CREATE,73,SUCCESS,
2025-05-01T21:52:08.532757,OperationalExpenditure,69,62,CREATE,74,SUCCESS,
2025-05-01T21:52:08.704631,OperationalExpenditure,70,63,CREATE,71,SUCCESS,
2025-05-01T21:52:08.939007,OperationalExpenditure,71,64,CREATE,72,SUCCESS,
2025-05-01T21:52:09.157757,OperationalExpenditure,72,65,CREATE,75,SUCCESS,
2025-05-01T21:52:09.345187,OperationalExpenditure,73,66,CREATE,76,SUCCESS,
2025-05-01T21:52:09.517138,OperationalExpenditure,74,67,CREATE,77,SUCCESS,
2025-05-01T21:52:09.704632,OperationalExpenditure,75,68,CREATE,78,SUCCESS,
2025-05-01T21:52:09.892131,OperationalExpenditure,76,69,CREATE,79,SUCCESS,
2025-05-01T21:52:10.110882,OperationalExpenditure,77,70,CREATE,80,SUCCESS,
2025-05-01T21:52:10.314007,OperationalExpenditure,78,71,CREATE,85,SUCCESS,
2025-05-01T21:52:10.501506,OperationalExpenditure,79,72,CREATE,90,SUCCESS,
2025-05-01T21:52:10.689007,OperationalExpenditure,80,73,CREATE,91,SUCCESS,
2025-05-01T21:52:10.860811,OperationalExpenditure,81,74,CREATE,94,SUCCESS,
2025-05-01T21:52:11.017132,OperationalExpenditure,82,75,CREATE,93,SUCCESS,
2025-05-01T21:52:11.189006,OperationalExpenditure,83,76,CREATE,95,SUCCESS,
2025-05-01T21:52:11.376441,OperationalExpenditure,84,77,CREATE,96,SUCCESS,
2025-05-01T21:52:11.563952,OperationalExpenditure,85,78,CREATE,97,SUCCESS,
2025-05-01T21:52:11.751435,OperationalExpenditure,86,79,CREATE,98,SUCCESS,
2025-05-01T21:52:11.923381,OperationalExpenditure,87,80,CREATE,99,SUCCESS,
2025-05-01T21:52:12.079631,OperationalExpenditure,88,81,CREATE,100,SUCCESS,
2025-05-01T21:52:12.251507,OperationalExpenditure,89,82,CREATE,106,SUCCESS,
2025-05-01T21:52:12.407756,OperationalExpenditure,90,83,CREATE,108,SUCCESS,
2025-05-01T21:52:12.579631,OperationalExpenditure,91,84,CREATE,109,SUCCESS,
2025-05-01T21:52:12.767132,OperationalExpenditure,92,85,CREATE,111,SUCCESS,
2025-05-01T21:52:12.939007,OperationalExpenditure,93,86,CREATE,114,SUCCESS,
2025-05-01T21:52:13.142131,OperationalExpenditure,94,87,CREATE,3,SUCCESS,
2025-05-01T21:52:13.329586,OperationalExpenditure,95,88,CREATE,116,SUCCESS,
2025-05-01T21:52:13.517058,OperationalExpenditure,96,89,CREATE,129,SUCCESS,
2025-05-01T21:52:13.689009,OperationalExpenditure,97,90,CREATE,131,SUCCESS,
2025-05-01T21:52:13.876433,OperationalExpenditure,98,91,CREATE,132,SUCCESS,
2025-05-01T21:52:14.048381,OperationalExpenditure,99,92,CREATE,134,SUCCESS,
2025-05-01T21:52:14.251506,OperationalExpenditure,100,93,CREATE,135,SUCCESS,
2025-05-01T21:52:14.439006,OperationalExpenditure,101,94,CREATE,154,SUCCESS,
2025-05-01T21:52:14.610823,OperationalExpenditure,102,95,CREATE,143,SUCCESS,
2025-05-01T21:52:14.798382,OperationalExpenditure,103,96,CREATE,117,SUCCESS,
2025-05-01T21:52:14.985881,OperationalExpenditure,104,97,CREATE,140,SUCCESS,
2025-05-01T21:52:15.142132,OperationalExpenditure,105,98,CREATE,179,SUCCESS,
2025-05-01T21:52:15.314007,OperationalExpenditure,106,99,CREATE,270,SUCCESS,
2025-05-01T21:52:15.501511,OperationalExpenditure,107,100,CREATE,269,SUCCESS,
2025-05-01T21:52:15.704632,OperationalExpenditure,108,101,CREATE,261,SUCCESS,
2025-05-01T21:52:15.907686,OperationalExpenditure,109,102,CREATE,276,SUCCESS,
2025-05-01T21:52:16.095183,OperationalExpenditure,110,103,CREATE,102,SUCCESS,
2025-05-01T21:52:16.267137,OperationalExpenditure,111,104,CREATE,277,SUCCESS,
2025-05-01T21:52:16.454631,OperationalExpenditure,112,105,CREATE,274,SUCCESS,
2025-05-01T21:52:16.642136,OperationalExpenditure,113,106,CREATE,255,SUCCESS,
2025-05-01T21:52:16.829589,OperationalExpenditure,114,107,CREATE,385,SUCCESS,
2025-05-01T21:52:17.017094,OperationalExpenditure,115,108,CREATE,5,SUCCESS,
2025-05-01T21:52:17.220187,OperationalExpenditure,116,109,CREATE,30,SUCCESS,
2025-05-01T21:52:17.407756,OperationalExpenditure,117,110,CREATE,164,SUCCESS,
2025-05-01T21:52:17.595187,OperationalExpenditure,118,111,CREATE,163,SUCCESS,
2025-05-01T21:52:17.767131,OperationalExpenditure,119,112,CREATE,393,SUCCESS,
2025-05-01T21:52:17.938980,OperationalExpenditure,120,113,CREATE,265,SUCCESS,
2025-05-01T21:52:18.126507,OperationalExpenditure,121,114,CREATE,252,SUCCESS,
2025-05-01T21:52:18.392132,OperationalExpenditure,122,115,CREATE,238,SUCCESS,
2025-05-01T21:52:18.579585,OperationalExpenditure,123,116,CREATE,141,SUCCESS,
2025-05-01T21:52:18.767070,OperationalExpenditure,124,117,CREATE,130,SUCCESS,
2025-05-01T21:52:18.939006,OperationalExpenditure,125,118,CREATE,101,SUCCESS,
2025-05-01T21:52:19.110881,OperationalExpenditure,126,119,CREATE,139,SUCCESS,
2025-05-01T21:52:19.360819,OperationalExpenditure,127,120,CREATE,228,SUCCESS,
2025-05-01T21:52:19.736024,OperationalExpenditure,128,121,CREATE,121,SUCCESS,
2025-05-01T21:52:19.939149,OperationalExpenditure,129,122,CREATE,239,SUCCESS,
2025-05-01T21:52:20.126648,OperationalExpenditure,130,123,CREATE,142,SUCCESS,
2025-05-01T21:52:20.282899,OperationalExpenditure,131,124,CREATE,128,SUCCESS,
2025-05-01T21:52:20.470539,OperationalExpenditure,132,125,CREATE,266,SUCCESS,
2025-05-01T21:52:20.642413,OperationalExpenditure,133,126,CREATE,354,SUCCESS,
2025-05-01T21:52:20.814288,OperationalExpenditure,134,127,CREATE,353,SUCCESS,
2025-05-01T21:52:21.032971,OperationalExpenditure,135,128,CREATE,279,SUCCESS,
2025-05-01T21:52:21.204915,OperationalExpenditure,136,129,CREATE,428,SUCCESS,
2025-05-01T21:52:21.376716,OperationalExpenditure,137,130,CREATE,429,SUCCESS,
2025-05-01T21:52:21.548664,OperationalExpenditure,138,131,CREATE,430,SUCCESS,
2025-05-01T21:52:21.736145,OperationalExpenditure,139,132,CREATE,83,SUCCESS,
2025-05-01T21:52:21.939289,OperationalExpenditure,140,133,CREATE,226,SUCCESS,
2025-05-01T21:52:22.173615,OperationalExpenditure,141,134,CREATE,271,SUCCESS,
2025-05-01T21:52:22.361101,OperationalExpenditure,142,135,CREATE,320,SUCCESS,
2025-05-01T21:52:22.517414,OperationalExpenditure,143,136,CREATE,304,SUCCESS,
2025-05-01T21:52:22.704914,OperationalExpenditure,144,137,CREATE,405,SUCCESS,
2025-05-01T21:52:22.892371,OperationalExpenditure,145,138,CREATE,409,SUCCESS,
2025-05-01T21:52:23.079914,OperationalExpenditure,146,139,CREATE,82,SUCCESS,
2025-05-01T21:52:23.251789,OperationalExpenditure,147,140,CREATE,352,SUCCESS,
2025-05-01T21:52:23.439289,OperationalExpenditure,148,141,CREATE,407,SUCCESS,
2025-05-01T21:52:23.611100,OperationalExpenditure,149,142,CREATE,396,SUCCESS,
2025-05-01T21:52:23.782980,OperationalExpenditure,150,143,CREATE,424,SUCCESS,
2025-05-01T21:52:23.954913,OperationalExpenditure,151,144,CREATE,81,SUCCESS,
2025-05-01T21:52:24.126790,OperationalExpenditure,152,145,CREATE,314,SUCCESS,
2025-05-01T21:52:24.298664,OperationalExpenditure,153,146,CREATE,440,SUCCESS,
2025-05-01T21:52:24.486164,OperationalExpenditure,154,147,CREATE,439,SUCCESS,
2025-05-01T21:52:24.658039,OperationalExpenditure,155,148,CREATE,421,SUCCESS,
2025-05-01T21:52:24.829915,OperationalExpenditure,156,149,CREATE,275,SUCCESS,
2025-05-01T21:52:25.001788,OperationalExpenditure,157,150,CREATE,452,SUCCESS,
2025-05-01T21:52:25.173664,OperationalExpenditure,158,151,CREATE,408,SUCCESS,
2025-05-01T21:52:25.345539,OperationalExpenditure,159,152,CREATE,454,SUCCESS,
2025-05-01T21:52:25.532971,OperationalExpenditure,160,153,CREATE,574,SUCCESS,
2025-05-01T21:52:25.720472,OperationalExpenditure,161,154,CREATE,446,SUCCESS,
2025-05-01T21:52:25.908041,OperationalExpenditure,162,155,CREATE,518,SUCCESS,
2025-05-01T21:52:26.079868,OperationalExpenditure,163,156,CREATE,578,SUCCESS,
2025-05-01T21:52:26.282996,OperationalExpenditure,164,157,CREATE,410,SUCCESS,
2025-05-01T21:52:26.486121,OperationalExpenditure,165,158,CREATE,462,SUCCESS,
2025-05-01T21:52:26.673664,OperationalExpenditure,166,159,CREATE,482,SUCCESS,
2025-05-01T21:52:26.876789,OperationalExpenditure,167,160,CREATE,573,SUCCESS,
2025-05-01T21:52:27.033041,OperationalExpenditure,168,161,CREATE,480,SUCCESS,
2025-05-01T21:52:27.204915,OperationalExpenditure,169,162,CREATE,587,SUCCESS,
2025-05-01T21:52:27.376790,OperationalExpenditure,170,163,CREATE,586,SUCCESS,
2025-05-01T21:52:27.564289,OperationalExpenditure,171,164,CREATE,602,SUCCESS,
2025-05-01T21:52:27.736164,OperationalExpenditure,172,165,CREATE,603,SUCCESS,
2025-05-01T21:52:27.923665,OperationalExpenditure,173,166,CREATE,605,SUCCESS,
2025-05-01T21:52:28.111164,OperationalExpenditure,174,167,CREATE,604,SUCCESS,
2025-05-01T21:52:28.361163,OperationalExpenditure,175,168,CREATE,580,SUCCESS,
2025-05-01T21:52:28.548665,OperationalExpenditure,176,169,CREATE,607,SUCCESS,
2025-05-01T21:52:28.736164,OperationalExpenditure,177,170,CREATE,606,SUCCESS,
2025-05-01T21:52:28.908040,OperationalExpenditure,178,171,CREATE,609,SUCCESS,
2025-05-01T21:52:29.095539,OperationalExpenditure,179,172,CREATE,608,SUCCESS,
2025-05-01T21:52:29.298664,OperationalExpenditure,180,173,CREATE,422,SUCCESS,
2025-05-01T21:52:29.486164,OperationalExpenditure,181,174,CREATE,517,SUCCESS,
2025-05-01T21:52:29.657968,OperationalExpenditure,182,175,CREATE,581,SUCCESS,
2025-05-01T21:52:29.829842,OperationalExpenditure,183,176,CREATE,570,SUCCESS,
2025-05-01T21:52:30.001788,OperationalExpenditure,184,177,CREATE,931,SUCCESS,
2025-05-01T21:52:30.173663,OperationalExpenditure,185,178,CREATE,942,SUCCESS,
2025-05-01T21:52:30.361094,OperationalExpenditure,186,179,CREATE,285,SUCCESS,
2025-05-01T21:52:30.548664,OperationalExpenditure,187,180,CREATE,591,SUCCESS,
2025-05-01T21:52:30.704914,OperationalExpenditure,188,181,CREATE,945,SUCCESS,
2025-05-01T21:52:30.876781,OperationalExpenditure,189,182,CREATE,458,SUCCESS,
2025-05-01T21:52:31.048664,OperationalExpenditure,190,183,CREATE,918,SUCCESS,
2025-05-01T21:52:31.251789,OperationalExpenditure,191,184,CREATE,596,SUCCESS,
2025-05-01T21:52:31.392414,OperationalExpenditure,192,185,CREATE,926,SUCCESS,
2025-05-01T21:52:31.579915,OperationalExpenditure,193,186,CREATE,935,SUCCESS,
2025-05-01T21:52:31.767368,OperationalExpenditure,194,187,CREATE,589,SUCCESS,
2025-05-01T21:52:31.954872,OperationalExpenditure,195,188,CREATE,959,SUCCESS,
2025-05-01T21:52:32.361166,OperationalExpenditure,196,189,CREATE,960,SUCCESS,
2025-05-01T21:52:32.579915,OperationalExpenditure,197,190,CREATE,957,SUCCESS,
2025-05-01T21:52:32.798665,OperationalExpenditure,198,191,CREATE,958,SUCCESS,
2025-05-01T21:52:32.970539,OperationalExpenditure,199,192,CREATE,967,SUCCESS,
2025-05-01T21:52:33.158039,OperationalExpenditure,200,193,CREATE,968,SUCCESS,
2025-05-01T21:52:33.329914,OperationalExpenditure,201,194,CREATE,933,SUCCESS,
2025-05-01T21:52:33.486164,OperationalExpenditure,202,195,CREATE,1081,SUCCESS,
2025-05-01T21:52:33.673664,OperationalExpenditure,203,196,CREATE,1058,SUCCESS,
2025-05-01T21:52:33.845543,OperationalExpenditure,204,197,CREATE,1076,SUCCESS,
2025-05-01T21:52:34.001789,OperationalExpenditure,205,198,CREATE,946,SUCCESS,
2025-05-01T21:52:34.173664,OperationalExpenditure,206,199,CREATE,1078,SUCCESS,
2025-05-01T21:52:34.361164,OperationalExpenditure,207,200,CREATE,1025,SUCCESS,
2025-05-01T21:52:34.548664,OperationalExpenditure,208,201,CREATE,974,SUCCESS,
2025-05-01T21:52:34.720540,OperationalExpenditure,209,202,CREATE,971,SUCCESS,
2025-05-01T21:52:34.908042,OperationalExpenditure,210,203,CREATE,973,SUCCESS,
2025-05-01T21:52:35.064289,OperationalExpenditure,211,204,CREATE,969,SUCCESS,
2025-05-01T21:52:35.251790,OperationalExpenditure,212,205,CREATE,1059,SUCCESS,
2025-05-01T21:52:35.408039,OperationalExpenditure,213,206,CREATE,949,SUCCESS,
2025-05-01T21:52:35.611167,OperationalExpenditure,214,207,CREATE,1090,SUCCESS,
2025-05-01T21:52:35.798666,OperationalExpenditure,215,208,CREATE,950,SUCCESS,
2025-05-01T21:52:35.954907,OperationalExpenditure,216,209,CREATE,1079,SUCCESS,
2025-05-01T21:52:36.158039,OperationalExpenditure,217,210,CREATE,1098,SUCCESS,
2025-05-01T21:52:36.470539,OperationalExpenditure,218,211,CREATE,1100,SUCCESS,
2025-05-01T21:52:36.673664,OperationalExpenditure,219,212,CREATE,1247,SUCCESS,
2025-05-01T21:52:36.845469,OperationalExpenditure,220,213,CREATE,1248,SUCCESS,
2025-05-01T21:52:37.033039,OperationalExpenditure,221,214,CREATE,1176,SUCCESS,
2025-05-01T21:52:37.220540,OperationalExpenditure,222,215,CREATE,1242,SUCCESS,
2025-05-01T21:52:37.408039,OperationalExpenditure,223,216,CREATE,1260,SUCCESS,
2025-05-01T21:52:37.611164,OperationalExpenditure,224,217,CREATE,1259,SUCCESS,
2025-05-01T21:52:37.783040,OperationalExpenditure,225,218,CREATE,1112,SUCCESS,
2025-05-01T21:52:37.986164,OperationalExpenditure,226,219,CREATE,1221,SUCCESS,
2025-05-01T21:52:38.158039,OperationalExpenditure,227,220,CREATE,1157,SUCCESS,
2025-05-01T21:52:38.408039,OperationalExpenditure,228,221,CREATE,1138,SUCCESS,
2025-05-01T21:52:38.595542,OperationalExpenditure,229,222,CREATE,1103,SUCCESS,
2025-05-01T21:52:38.751789,OperationalExpenditure,230,223,CREATE,1091,SUCCESS,
2025-05-01T21:52:38.923665,OperationalExpenditure,231,224,CREATE,1104,SUCCESS,
2025-05-01T21:52:39.095539,OperationalExpenditure,232,225,CREATE,1106,SUCCESS,
2025-05-01T21:52:39.283039,OperationalExpenditure,233,226,CREATE,1102,SUCCESS,
2025-05-01T21:52:39.470540,OperationalExpenditure,234,227,CREATE,1185,SUCCESS,
2025-05-01T21:52:39.642415,OperationalExpenditure,235,228,CREATE,1261,SUCCESS,
2025-05-01T21:52:39.829914,OperationalExpenditure,236,229,CREATE,1152,SUCCESS,
2025-05-01T21:52:40.001791,OperationalExpenditure,237,230,CREATE,961,SUCCESS,
2025-05-01T21:52:40.189289,OperationalExpenditure,238,231,CREATE,1082,SUCCESS,
2025-05-01T21:52:40.392415,OperationalExpenditure,239,232,CREATE,1146,SUCCESS,
2025-05-01T21:52:40.579914,OperationalExpenditure,240,233,CREATE,1226,SUCCESS,
2025-05-01T21:52:40.751789,OperationalExpenditure,241,234,CREATE,1170,SUCCESS,
2025-05-01T21:52:40.923664,OperationalExpenditure,242,235,CREATE,1177,SUCCESS,
2025-05-01T21:52:41.095541,OperationalExpenditure,243,236,CREATE,1156,SUCCESS,
2025-05-01T21:52:41.283039,OperationalExpenditure,244,237,CREATE,1186,SUCCESS,
2025-05-01T21:52:41.501789,OperationalExpenditure,245,238,CREATE,1160,SUCCESS,
2025-05-01T21:52:41.658039,OperationalExpenditure,246,239,CREATE,1272,SUCCESS,
2025-05-01T21:52:41.861165,OperationalExpenditure,247,240,CREATE,1256,SUCCESS,
2025-05-01T21:52:42.048665,OperationalExpenditure,248,241,CREATE,1251,SUCCESS,
2025-05-01T21:52:42.236164,OperationalExpenditure,249,242,CREATE,908,SUCCESS,
2025-05-01T21:52:42.439289,OperationalExpenditure,250,243,CREATE,1271,SUCCESS,
2025-05-01T21:52:42.626716,OperationalExpenditure,251,244,CREATE,1270,SUCCESS,
2025-05-01T21:52:42.814293,OperationalExpenditure,252,245,CREATE,1292,SUCCESS,
2025-05-01T21:52:43.001790,OperationalExpenditure,253,246,CREATE,1293,SUCCESS,
2025-05-01T21:52:43.206910,OperationalExpenditure,254,247,CREATE,1294,SUCCESS,
2025-05-01T21:52:43.363161,OperationalExpenditure,255,248,CREATE,1295,SUCCESS,
2025-05-01T21:52:43.519411,OperationalExpenditure,256,249,CREATE,1296,SUCCESS,
2025-05-01T21:52:43.706912,OperationalExpenditure,257,250,CREATE,1297,SUCCESS,
2025-05-01T21:52:43.878785,OperationalExpenditure,258,251,CREATE,1298,SUCCESS,
2025-05-01T21:52:44.050662,OperationalExpenditure,259,252,CREATE,1299,SUCCESS,
2025-05-01T21:52:44.238161,OperationalExpenditure,260,253,CREATE,1280,SUCCESS,
2025-05-01T21:52:44.394411,OperationalExpenditure,261,254,CREATE,1281,SUCCESS,
2025-05-01T21:52:44.566285,OperationalExpenditure,262,255,CREATE,1262,SUCCESS,
2025-05-01T21:52:44.738161,OperationalExpenditure,263,256,CREATE,1158,SUCCESS,
2025-05-01T21:52:44.910036,OperationalExpenditure,264,257,CREATE,1277,SUCCESS,
2025-05-01T21:52:45.081910,OperationalExpenditure,265,258,CREATE,1286,SUCCESS,
2025-05-01T21:52:45.253785,OperationalExpenditure,266,259,CREATE,1283,SUCCESS,
2025-05-01T21:52:45.441286,OperationalExpenditure,267,260,CREATE,1278,SUCCESS,
2025-05-01T21:52:45.613161,OperationalExpenditure,268,261,CREATE,1287,SUCCESS,
2025-05-01T21:52:45.816286,OperationalExpenditure,269,262,CREATE,1288,SUCCESS,
2025-05-01T21:52:45.988161,OperationalExpenditure,270,263,CREATE,1289,SUCCESS,
2025-05-01T21:52:46.191285,OperationalExpenditure,271,264,CREATE,272,SUCCESS,
2025-05-01T21:52:46.363161,OperationalExpenditure,272,265,CREATE,268,SUCCESS,
2025-05-01T21:52:46.550660,OperationalExpenditure,273,266,CREATE,303,SUCCESS,
2025-05-01T21:52:46.738161,OperationalExpenditure,274,267,CREATE,1310,SUCCESS,
2025-05-01T21:52:46.910035,OperationalExpenditure,275,268,CREATE,1311,SUCCESS,
2025-05-01T21:52:47.113161,OperationalExpenditure,276,269,CREATE,1110,SUCCESS,
2025-05-01T21:52:47.300661,OperationalExpenditure,277,270,CREATE,1341,SUCCESS,
2025-05-01T21:52:47.472535,OperationalExpenditure,278,271,CREATE,1246,SUCCESS,
2025-05-01T21:52:47.660036,OperationalExpenditure,279,272,CREATE,1282,SUCCESS,
2025-05-01T21:52:47.831911,OperationalExpenditure,280,273,CREATE,1355,SUCCESS,
2025-05-01T21:52:48.035035,OperationalExpenditure,281,274,CREATE,1308,SUCCESS,
2025-05-01T21:52:48.253786,OperationalExpenditure,282,275,CREATE,1324,SUCCESS,
2025-05-01T21:52:48.566286,OperationalExpenditure,283,276,CREATE,1307,SUCCESS,
2025-05-01T21:52:48.800661,OperationalExpenditure,284,277,CREATE,1405,SUCCESS,
2025-05-01T21:52:49.035035,OperationalExpenditure,285,278,CREATE,1309,SUCCESS,
2025-05-01T21:52:49.206911,OperationalExpenditure,286,279,CREATE,1326,SUCCESS,
2025-05-01T21:52:49.394411,OperationalExpenditure,287,280,CREATE,1327,SUCCESS,
2025-05-01T21:52:49.550660,OperationalExpenditure,288,281,CREATE,1497,SUCCESS,
2025-05-01T21:52:49.706912,OperationalExpenditure,289,282,CREATE,1491,SUCCESS,
2025-05-01T21:52:49.878786,OperationalExpenditure,290,283,CREATE,1534,SUCCESS,
2025-05-01T21:52:50.066214,OperationalExpenditure,291,284,CREATE,1535,SUCCESS,
2025-05-01T21:52:50.238160,OperationalExpenditure,292,285,CREATE,1540,SUCCESS,
2025-05-01T21:52:50.410035,OperationalExpenditure,293,286,CREATE,1541,SUCCESS,
2025-05-01T21:52:50.613161,OperationalExpenditure,294,287,CREATE,1303,SUCCESS,
2025-05-01T21:52:50.847535,OperationalExpenditure,295,288,CREATE,1314,SUCCESS,
2025-05-01T21:52:51.050660,OperationalExpenditure,296,289,CREATE,1522,SUCCESS,
2025-05-01T21:52:51.253785,OperationalExpenditure,297,290,CREATE,1500,SUCCESS,
2025-05-01T21:52:51.441286,OperationalExpenditure,298,291,CREATE,1526,SUCCESS,
2025-05-01T21:52:51.613161,OperationalExpenditure,299,292,CREATE,1507,SUCCESS,
2025-05-01T21:52:51.800661,OperationalExpenditure,300,293,CREATE,1488,SUCCESS,
2025-05-01T21:52:51.988161,OperationalExpenditure,301,294,CREATE,1496,SUCCESS,
2025-05-01T21:52:52.160036,OperationalExpenditure,302,295,CREATE,1505,SUCCESS,
2025-05-01T21:52:52.331911,OperationalExpenditure,303,296,CREATE,1354,SUCCESS,
2025-05-01T21:52:52.519410,OperationalExpenditure,304,297,CREATE,1336,SUCCESS,
2025-05-01T21:52:52.706911,OperationalExpenditure,305,298,CREATE,1461,SUCCESS,
2025-05-01T21:52:52.878785,OperationalExpenditure,306,299,CREATE,1462,SUCCESS,
2025-05-01T21:52:53.066286,OperationalExpenditure,307,300,CREATE,1536,SUCCESS,
2025-05-01T21:52:53.222536,OperationalExpenditure,308,301,CREATE,1537,SUCCESS,
2025-05-01T21:52:53.425661,OperationalExpenditure,309,302,CREATE,1538,SUCCESS,
2025-05-01T21:52:53.628786,OperationalExpenditure,310,303,CREATE,1539,SUCCESS,
2025-05-01T21:52:53.800662,OperationalExpenditure,311,304,CREATE,1542,SUCCESS,
2025-05-01T21:52:53.972535,OperationalExpenditure,312,305,CREATE,1543,SUCCESS,
2025-05-01T21:52:54.175662,OperationalExpenditure,313,306,CREATE,1312,SUCCESS,
2025-05-01T21:52:54.347535,OperationalExpenditure,314,307,CREATE,1468,SUCCESS,
2025-05-01T21:52:54.503786,OperationalExpenditure,315,308,CREATE,1335,SUCCESS,
2025-05-01T21:52:54.722536,OperationalExpenditure,316,309,CREATE,1551,SUCCESS,
2025-05-01T21:52:54.910036,OperationalExpenditure,317,310,CREATE,1594,SUCCESS,
2025-05-01T21:52:55.081911,OperationalExpenditure,318,311,CREATE,1608,SUCCESS,
2025-05-01T21:52:55.253786,OperationalExpenditure,319,312,CREATE,1599,SUCCESS,
2025-05-01T21:52:55.441286,OperationalExpenditure,320,313,CREATE,1486,SUCCESS,
2025-05-01T21:52:55.597536,OperationalExpenditure,321,314,CREATE,1571,SUCCESS,
2025-05-01T21:52:55.769410,OperationalExpenditure,322,315,CREATE,1598,SUCCESS,
2025-05-01T21:52:55.956911,OperationalExpenditure,323,316,CREATE,1589,SUCCESS,
2025-05-01T21:52:56.144411,OperationalExpenditure,324,317,CREATE,1489,SUCCESS,
2025-05-01T21:52:56.331839,OperationalExpenditure,325,318,CREATE,1597,SUCCESS,
2025-05-01T21:52:56.503787,OperationalExpenditure,326,319,CREATE,1603,SUCCESS,
2025-05-01T21:52:56.706912,OperationalExpenditure,327,320,CREATE,1604,SUCCESS,
2025-05-01T21:52:56.878786,OperationalExpenditure,328,321,CREATE,1569,SUCCESS,
2025-05-01T21:52:57.035036,OperationalExpenditure,329,322,CREATE,1570,SUCCESS,
2025-05-01T21:52:57.222537,OperationalExpenditure,330,323,CREATE,1487,SUCCESS,
2025-05-01T21:52:57.394410,OperationalExpenditure,331,324,CREATE,1606,SUCCESS,
2025-05-01T21:52:57.581911,OperationalExpenditure,332,325,CREATE,1734,SUCCESS,
2025-05-01T21:52:57.753786,OperationalExpenditure,333,326,CREATE,1736,SUCCESS,
2025-05-01T21:52:57.956910,OperationalExpenditure,334,327,CREATE,1739,SUCCESS,
2025-05-01T21:52:58.160035,OperationalExpenditure,335,328,CREATE,1738,SUCCESS,
2025-05-01T21:52:58.331910,OperationalExpenditure,336,329,CREATE,1766,SUCCESS,
2025-05-01T21:52:58.597537,OperationalExpenditure,337,330,CREATE,1767,SUCCESS,
2025-05-01T21:52:58.769410,OperationalExpenditure,338,331,CREATE,1742,SUCCESS,
2025-05-01T21:52:58.941285,OperationalExpenditure,339,332,CREATE,1548,SUCCESS,
2025-05-01T21:52:59.128786,OperationalExpenditure,340,333,CREATE,1648,SUCCESS,
2025-05-01T21:52:59.300660,OperationalExpenditure,341,334,CREATE,1618,SUCCESS,
2025-05-01T21:52:59.472535,OperationalExpenditure,342,335,CREATE,1693,SUCCESS,
2025-05-01T21:52:59.660035,OperationalExpenditure,343,336,CREATE,1607,SUCCESS,
2025-05-01T21:52:59.831905,OperationalExpenditure,344,337,CREATE,1472,SUCCESS,
2025-05-01T21:53:00.003785,OperationalExpenditure,345,338,CREATE,1646,SUCCESS,
2025-05-01T21:53:00.191287,OperationalExpenditure,346,339,CREATE,1697,SUCCESS,
2025-05-01T21:53:00.378785,OperationalExpenditure,347,340,CREATE,1647,SUCCESS,
2025-05-01T21:53:00.550661,OperationalExpenditure,348,341,CREATE,1795,SUCCESS,
2025-05-01T21:53:00.753786,OperationalExpenditure,349,342,CREATE,1760,SUCCESS,
2025-05-01T21:53:00.925662,OperationalExpenditure,350,343,CREATE,1763,SUCCESS,
2025-05-01T21:53:01.113161,OperationalExpenditure,351,344,CREATE,1798,SUCCESS,
2025-05-01T21:53:01.285036,OperationalExpenditure,352,345,CREATE,1823,SUCCESS,
2025-05-01T21:53:01.456837,OperationalExpenditure,353,346,CREATE,1849,SUCCESS,
2025-05-01T21:53:01.628787,OperationalExpenditure,354,347,CREATE,1759,SUCCESS,
2025-05-01T21:53:01.800661,OperationalExpenditure,355,348,CREATE,1741,SUCCESS,
2025-05-01T21:53:01.988100,OperationalExpenditure,356,349,CREATE,1847,SUCCESS,
2025-05-01T21:53:02.160035,OperationalExpenditure,357,350,CREATE,1810,SUCCESS,
2025-05-01T21:53:02.347664,OperationalExpenditure,358,351,CREATE,1811,SUCCESS,
2025-05-01T21:53:02.529646,OperationalExpenditure,359,352,CREATE,1850,SUCCESS,
2025-05-01T21:53:02.717147,OperationalExpenditure,360,353,CREATE,1845,SUCCESS,
2025-05-01T21:53:02.904647,OperationalExpenditure,361,354,CREATE,1851,SUCCESS,
2025-05-01T21:53:03.076522,OperationalExpenditure,362,355,CREATE,1852,SUCCESS,
2025-05-01T21:53:03.279651,OperationalExpenditure,363,356,CREATE,1773,SUCCESS,
2025-05-01T21:53:03.545272,OperationalExpenditure,364,357,CREATE,1649,SUCCESS,
2025-05-01T21:53:03.920272,OperationalExpenditure,365,358,CREATE,1857,SUCCESS,
2025-05-01T21:53:04.139022,OperationalExpenditure,366,359,CREATE,1844,SUCCESS,
2025-05-01T21:53:04.326523,OperationalExpenditure,367,360,CREATE,1858,SUCCESS,
2025-05-01T21:53:04.545248,OperationalExpenditure,368,361,CREATE,1891,SUCCESS,
2025-05-01T21:53:04.717147,OperationalExpenditure,369,362,CREATE,1885,SUCCESS,
2025-05-01T21:53:04.920272,OperationalExpenditure,370,363,CREATE,1843,SUCCESS,
2025-05-01T21:53:05.107774,OperationalExpenditure,371,364,CREATE,1870,SUCCESS,
2025-05-01T21:53:05.295272,OperationalExpenditure,372,365,CREATE,1879,SUCCESS,
2025-05-01T21:53:05.498397,OperationalExpenditure,373,366,CREATE,1928,SUCCESS,
2025-05-01T21:53:05.685825,OperationalExpenditure,374,367,CREATE,1968,SUCCESS,
2025-05-01T21:53:05.857772,OperationalExpenditure,375,368,CREATE,1969,SUCCESS,
2025-05-01T21:53:06.029577,OperationalExpenditure,376,369,CREATE,1888,SUCCESS,
2025-05-01T21:53:06.217147,OperationalExpenditure,377,370,CREATE,1889,SUCCESS,
2025-05-01T21:53:06.388950,OperationalExpenditure,378,371,CREATE,1755,SUCCESS,
2025-05-01T21:53:06.560896,OperationalExpenditure,379,372,CREATE,1812,SUCCESS,
2025-05-01T21:53:06.748397,OperationalExpenditure,380,373,CREATE,1873,SUCCESS,
2025-05-01T21:53:06.920272,OperationalExpenditure,381,374,CREATE,1917,SUCCESS,
2025-05-01T21:53:07.107773,OperationalExpenditure,382,375,CREATE,1953,SUCCESS,
2025-05-01T21:53:07.295271,OperationalExpenditure,383,376,CREATE,1954,SUCCESS,
2025-05-01T21:53:07.482772,OperationalExpenditure,384,377,CREATE,1848,SUCCESS,
2025-05-01T21:53:07.654648,OperationalExpenditure,385,378,CREATE,1902,SUCCESS,
2025-05-01T21:53:07.842147,OperationalExpenditure,386,379,CREATE,1927,SUCCESS,
2025-05-01T21:53:08.029646,OperationalExpenditure,387,380,CREATE,1782,SUCCESS,
2025-05-01T21:53:08.217147,OperationalExpenditure,388,381,CREATE,1932,SUCCESS,
2025-05-01T21:53:08.389022,OperationalExpenditure,389,382,CREATE,1950,SUCCESS,
2025-05-01T21:53:08.654647,OperationalExpenditure,390,383,CREATE,1958,SUCCESS,
2025-05-01T21:53:08.826522,OperationalExpenditure,391,384,CREATE,1933,SUCCESS,
2025-05-01T21:53:09.014022,OperationalExpenditure,392,385,CREATE,1941,SUCCESS,
2025-05-01T21:53:09.185898,OperationalExpenditure,393,386,CREATE,1997,SUCCESS,
2025-05-01T21:53:09.357775,OperationalExpenditure,394,387,CREATE,1806,SUCCESS,
2025-05-01T21:53:09.545272,OperationalExpenditure,395,388,CREATE,1937,SUCCESS,
2025-05-01T21:53:09.732773,OperationalExpenditure,396,389,CREATE,1949,SUCCESS,
2025-05-01T21:53:09.920201,OperationalExpenditure,397,390,CREATE,1942,SUCCESS,
2025-05-01T21:53:10.092149,OperationalExpenditure,398,391,CREATE,1792,SUCCESS,
2025-05-01T21:53:10.248397,OperationalExpenditure,399,392,CREATE,1915,SUCCESS,
2025-05-01T21:53:10.420272,OperationalExpenditure,400,393,CREATE,1918,SUCCESS,
2025-05-01T21:53:10.576523,OperationalExpenditure,401,394,CREATE,2017,SUCCESS,
2025-05-01T21:53:10.748397,OperationalExpenditure,402,395,CREATE,1970,SUCCESS,
2025-05-01T21:53:10.920272,OperationalExpenditure,403,396,CREATE,2026,SUCCESS,
2025-05-01T21:53:11.107773,OperationalExpenditure,404,397,CREATE,2027,SUCCESS,
2025-05-01T21:53:11.295272,OperationalExpenditure,405,398,CREATE,2043,SUCCESS,
2025-05-01T21:53:11.467147,OperationalExpenditure,406,399,CREATE,2001,SUCCESS,
2025-05-01T21:53:11.654647,OperationalExpenditure,407,400,CREATE,1962,SUCCESS,
2025-05-01T21:53:11.810897,OperationalExpenditure,408,401,CREATE,2030,SUCCESS,
2025-05-01T21:53:11.982773,OperationalExpenditure,409,402,CREATE,1988,SUCCESS,
2025-05-01T21:53:12.170272,OperationalExpenditure,410,403,CREATE,2042,SUCCESS,
2025-05-01T21:53:12.357773,OperationalExpenditure,411,404,CREATE,2031,SUCCESS,
2025-05-01T21:53:12.576451,OperationalExpenditure,412,405,CREATE,1880,SUCCESS,
2025-05-01T21:53:12.748364,OperationalExpenditure,413,406,CREATE,1955,SUCCESS,
2025-05-01T21:53:12.935897,OperationalExpenditure,414,407,CREATE,1963,SUCCESS,
2025-05-01T21:53:13.107773,OperationalExpenditure,415,408,CREATE,1982,SUCCESS,
2025-05-01T21:53:13.279649,OperationalExpenditure,416,409,CREATE,2022,SUCCESS,
2025-05-01T21:53:13.451522,OperationalExpenditure,417,410,CREATE,2037,SUCCESS,
2025-05-01T21:53:13.639023,OperationalExpenditure,418,411,CREATE,2050,SUCCESS,
2025-05-01T21:53:13.810898,OperationalExpenditure,419,412,CREATE,2023,SUCCESS,
2025-05-01T21:53:13.998396,OperationalExpenditure,420,413,CREATE,2088,SUCCESS,
2025-05-01T21:53:14.201522,OperationalExpenditure,421,414,CREATE,2087,SUCCESS,
2025-05-01T21:53:14.373397,OperationalExpenditure,422,415,CREATE,2056,SUCCESS,
2025-05-01T21:53:14.576521,OperationalExpenditure,423,416,CREATE,2082,SUCCESS,
2025-05-01T21:53:14.779578,OperationalExpenditure,424,417,CREATE,1855,SUCCESS,
2025-05-01T21:53:14.967147,OperationalExpenditure,425,418,CREATE,1980,SUCCESS,
2025-05-01T21:53:15.139022,OperationalExpenditure,426,419,CREATE,2029,SUCCESS,
2025-05-01T21:53:15.295272,OperationalExpenditure,427,420,CREATE,2025,SUCCESS,
2025-05-01T21:53:15.514022,OperationalExpenditure,428,421,CREATE,2044,SUCCESS,
2025-05-01T21:53:15.748397,OperationalExpenditure,429,422,CREATE,2038,SUCCESS,
2025-05-01T21:53:15.935898,OperationalExpenditure,430,423,CREATE,2070,SUCCESS,
2025-05-01T21:53:16.107773,OperationalExpenditure,431,424,CREATE,2057,SUCCESS,
2025-05-01T21:53:16.295273,OperationalExpenditure,432,425,CREATE,2079,SUCCESS,
2025-05-01T21:53:16.482772,OperationalExpenditure,433,426,CREATE,2086,SUCCESS,
2025-05-01T21:53:16.654647,OperationalExpenditure,434,427,CREATE,2096,SUCCESS,
2025-05-01T21:53:16.842147,OperationalExpenditure,435,428,CREATE,2114,SUCCESS,
2025-05-01T21:53:17.014022,OperationalExpenditure,436,429,CREATE,2045,SUCCESS,
2025-05-01T21:53:17.185897,OperationalExpenditure,437,430,CREATE,2081,SUCCESS,
2025-05-01T21:53:17.357775,OperationalExpenditure,438,431,CREATE,2034,SUCCESS,
2025-05-01T21:53:17.529647,OperationalExpenditure,439,432,CREATE,2109,SUCCESS,
2025-05-01T21:53:17.764022,OperationalExpenditure,440,433,CREATE,2108,SUCCESS,
2025-05-01T21:53:17.998397,OperationalExpenditure,441,434,CREATE,2089,SUCCESS,
2025-05-01T21:53:18.279648,OperationalExpenditure,442,435,CREATE,2132,SUCCESS,
2025-05-01T21:53:18.482776,OperationalExpenditure,443,436,CREATE,2072,SUCCESS,
2025-05-01T21:53:18.732773,OperationalExpenditure,444,437,CREATE,2166,SUCCESS,
2025-05-01T21:53:18.920273,OperationalExpenditure,445,438,CREATE,2112,SUCCESS,
2025-05-01T21:53:19.092146,OperationalExpenditure,446,439,CREATE,2101,SUCCESS,
2025-05-01T21:53:19.279649,OperationalExpenditure,447,440,CREATE,2117,SUCCESS,
2025-05-01T21:53:19.467075,OperationalExpenditure,448,441,CREATE,2122,SUCCESS,
2025-05-01T21:53:19.638950,OperationalExpenditure,449,442,CREATE,2150,SUCCESS,
2025-05-01T21:53:19.873398,OperationalExpenditure,450,443,CREATE,2120,SUCCESS,
2025-05-01T21:53:20.045274,OperationalExpenditure,451,444,CREATE,2115,SUCCESS,
2025-05-01T21:53:20.264022,OperationalExpenditure,452,445,CREATE,2131,SUCCESS,
2025-05-01T21:53:20.529648,OperationalExpenditure,453,446,CREATE,2139,SUCCESS,
2025-05-01T21:53:20.732772,OperationalExpenditure,454,447,CREATE,2169,SUCCESS,
2025-05-01T21:53:20.904647,OperationalExpenditure,455,448,CREATE,2111,SUCCESS,
2025-05-01T21:53:21.092147,OperationalExpenditure,456,449,CREATE,2110,SUCCESS,
2025-05-01T21:53:21.279648,OperationalExpenditure,457,450,CREATE,2146,SUCCESS,
2025-05-01T21:53:21.435897,OperationalExpenditure,458,451,CREATE,2147,SUCCESS,
2025-05-01T21:53:21.592147,OperationalExpenditure,459,452,CREATE,2167,SUCCESS,
2025-05-01T21:53:21.764021,OperationalExpenditure,460,453,CREATE,2083,SUCCESS,
2025-05-01T21:53:21.951452,OperationalExpenditure,461,454,CREATE,2158,SUCCESS,
2025-05-01T21:53:22.123398,OperationalExpenditure,462,455,CREATE,2157,SUCCESS,
2025-05-01T21:53:22.310896,OperationalExpenditure,463,456,CREATE,2097,SUCCESS,
2025-05-01T21:53:22.498397,OperationalExpenditure,464,457,CREATE,2170,SUCCESS,
2025-05-01T21:53:22.670273,OperationalExpenditure,465,458,CREATE,2134,SUCCESS,
2025-05-01T21:53:22.857773,OperationalExpenditure,466,459,CREATE,2154,SUCCESS,
2025-05-01T21:53:23.045271,OperationalExpenditure,467,460,CREATE,2171,SUCCESS,
2025-05-01T21:53:23.217148,OperationalExpenditure,468,461,CREATE,2177,SUCCESS,
2025-05-01T21:53:23.420272,OperationalExpenditure,469,462,CREATE,2140,SUCCESS,
2025-05-01T21:53:23.576523,OperationalExpenditure,470,463,CREATE,2192,SUCCESS,
2025-05-01T21:53:23.764022,OperationalExpenditure,471,464,CREATE,2174,SUCCESS,
2025-05-01T21:53:23.951451,OperationalExpenditure,472,465,CREATE,2142,SUCCESS,
2025-05-01T21:53:24.107772,OperationalExpenditure,473,466,CREATE,2186,SUCCESS,
2025-05-01T21:53:24.295203,OperationalExpenditure,474,467,CREATE,2201,SUCCESS,
2025-05-01T21:53:24.482772,OperationalExpenditure,475,468,CREATE,2235,SUCCESS,
2025-05-01T21:53:24.654648,OperationalExpenditure,476,469,CREATE,2141,SUCCESS,
2025-05-01T21:53:24.857772,OperationalExpenditure,477,470,CREATE,2225,SUCCESS,
2025-05-01T21:53:25.045273,OperationalExpenditure,478,471,CREATE,2227,SUCCESS,
2025-05-01T21:53:25.232772,OperationalExpenditure,479,472,CREATE,2255,SUCCESS,
2025-05-01T21:53:25.435826,OperationalExpenditure,480,473,CREATE,2078,SUCCESS,
2025-05-01T21:53:25.623398,OperationalExpenditure,481,474,CREATE,1986,SUCCESS,
2025-05-01T21:53:25.810823,OperationalExpenditure,482,475,CREATE,2178,SUCCESS,
2025-05-01T21:53:26.029647,OperationalExpenditure,483,476,CREATE,2206,SUCCESS,
2025-05-01T21:53:26.201522,OperationalExpenditure,484,477,CREATE,2198,SUCCESS,
2025-05-01T21:53:26.404647,OperationalExpenditure,485,478,CREATE,2176,SUCCESS,
2025-05-01T21:53:26.576522,OperationalExpenditure,486,479,CREATE,2202,SUCCESS,
2025-05-01T21:53:26.764022,OperationalExpenditure,487,480,CREATE,2236,SUCCESS,
2025-05-01T21:53:26.967146,OperationalExpenditure,488,481,CREATE,2219,SUCCESS,
2025-05-01T21:53:27.139025,OperationalExpenditure,489,482,CREATE,2282,SUCCESS,
2025-05-01T21:53:27.326523,OperationalExpenditure,490,483,CREATE,2284,SUCCESS,
2025-05-01T21:53:27.498396,OperationalExpenditure,491,484,CREATE,2283,SUCCESS,
2025-05-01T21:53:27.670271,OperationalExpenditure,492,485,CREATE,2285,SUCCESS,
2025-05-01T21:53:27.842147,OperationalExpenditure,493,486,CREATE,2228,SUCCESS,
2025-05-01T21:53:28.014022,OperationalExpenditure,494,487,CREATE,2195,SUCCESS,
2025-05-01T21:53:28.154648,OperationalExpenditure,495,488,CREATE,2249,SUCCESS,
2025-05-01T21:53:28.326524,OperationalExpenditure,496,489,CREATE,2251,SUCCESS,
2025-05-01T21:53:28.514022,OperationalExpenditure,497,490,CREATE,2331,SUCCESS,
2025-05-01T21:53:28.779647,OperationalExpenditure,498,491,CREATE,2311,SUCCESS,
2025-05-01T21:53:28.951522,OperationalExpenditure,499,492,CREATE,2216,SUCCESS,
2025-05-01T21:53:29.123371,OperationalExpenditure,500,493,CREATE,2260,SUCCESS,
2025-05-01T21:53:29.310897,OperationalExpenditure,501,494,CREATE,2290,SUCCESS,
2025-05-01T21:53:29.482771,OperationalExpenditure,502,495,CREATE,2210,SUCCESS,
2025-05-01T21:53:29.670271,OperationalExpenditure,503,496,CREATE,2328,SUCCESS,
2025-05-01T21:53:29.857772,OperationalExpenditure,504,497,CREATE,2333,SUCCESS,
2025-05-01T21:53:30.045202,OperationalExpenditure,505,498,CREATE,2329,SUCCESS,
2025-05-01T21:53:30.217148,OperationalExpenditure,506,499,CREATE,2335,SUCCESS,
2025-05-01T21:53:30.404647,OperationalExpenditure,507,500,CREATE,2209,SUCCESS,
2025-05-01T21:53:30.592287,OperationalExpenditure,508,501,CREATE,2242,SUCCESS,
2025-05-01T21:53:30.764161,OperationalExpenditure,509,502,CREATE,2291,SUCCESS,
2025-05-01T21:53:30.936036,OperationalExpenditure,510,503,CREATE,2263,SUCCESS,
2025-05-01T21:53:31.123538,OperationalExpenditure,511,504,CREATE,2264,SUCCESS,
2025-05-01T21:53:31.295412,OperationalExpenditure,512,505,CREATE,2229,SUCCESS,
2025-05-01T21:53:31.482912,OperationalExpenditure,513,506,CREATE,2318,SUCCESS,
2025-05-01T21:53:31.654787,OperationalExpenditure,514,507,CREATE,2306,SUCCESS,
2025-05-01T21:53:31.842287,OperationalExpenditure,515,508,CREATE,2181,SUCCESS,
2025-05-01T21:53:32.029787,OperationalExpenditure,516,509,CREATE,2200,SUCCESS,
2025-05-01T21:53:32.232840,OperationalExpenditure,517,510,CREATE,2363,SUCCESS,
2025-05-01T21:53:32.420353,OperationalExpenditure,518,511,CREATE,2365,SUCCESS,
2025-05-01T21:53:32.576662,OperationalExpenditure,519,512,CREATE,2324,SUCCESS,
2025-05-01T21:53:32.764093,OperationalExpenditure,520,513,CREATE,2342,SUCCESS,
2025-05-01T21:53:32.904787,OperationalExpenditure,521,514,CREATE,2199,SUCCESS,
2025-05-01T21:53:33.076662,OperationalExpenditure,522,515,CREATE,2340,SUCCESS,
2025-05-01T21:53:33.248537,OperationalExpenditure,523,516,CREATE,2357,SUCCESS,
2025-05-01T21:53:33.404787,OperationalExpenditure,524,517,CREATE,2348,SUCCESS,
2025-05-01T21:53:33.592287,OperationalExpenditure,525,518,CREATE,2384,SUCCESS,
2025-05-01T21:53:33.764163,OperationalExpenditure,526,519,CREATE,2377,SUCCESS,
2025-05-01T21:53:33.951661,OperationalExpenditure,527,520,CREATE,2439,SUCCESS,
2025-05-01T21:53:34.186036,OperationalExpenditure,528,521,CREATE,2410,SUCCESS,
2025-05-01T21:53:34.420412,OperationalExpenditure,529,522,CREATE,2309,SUCCESS,
2025-05-01T21:53:34.654787,OperationalExpenditure,530,523,CREATE,2392,SUCCESS,
2025-05-01T21:53:34.857912,OperationalExpenditure,531,524,CREATE,2393,SUCCESS,
2025-05-01T21:53:35.014161,OperationalExpenditure,532,525,CREATE,2442,SUCCESS,
2025-05-01T21:53:35.170412,OperationalExpenditure,533,526,CREATE,2443,SUCCESS,
2025-05-01T21:53:35.326589,OperationalExpenditure,534,527,CREATE,2412,SUCCESS,
2025-05-01T21:53:35.498537,OperationalExpenditure,535,528,CREATE,2409,SUCCESS,
2025-05-01T21:53:35.685965,OperationalExpenditure,536,529,CREATE,2459,SUCCESS,
2025-05-01T21:53:35.857912,OperationalExpenditure,537,530,CREATE,2425,SUCCESS,
2025-05-01T21:53:36.029786,OperationalExpenditure,538,531,CREATE,2436,SUCCESS,
2025-05-01T21:53:36.264162,OperationalExpenditure,539,532,CREATE,2437,SUCCESS,
2025-05-01T21:53:36.436038,OperationalExpenditure,540,533,CREATE,2467,SUCCESS,
2025-05-01T21:53:36.639088,OperationalExpenditure,541,534,CREATE,1404,SUCCESS,
2025-05-01T21:53:36.826661,OperationalExpenditure,542,535,CREATE,2451,SUCCESS,
2025-05-01T21:53:37.014162,OperationalExpenditure,543,536,CREATE,2353,SUCCESS,
2025-05-01T21:53:37.232912,OperationalExpenditure,544,537,CREATE,2352,SUCCESS,
2025-05-01T21:53:37.436037,OperationalExpenditure,545,538,CREATE,2368,SUCCESS,
2025-05-01T21:53:37.623536,OperationalExpenditure,546,539,CREATE,2420,SUCCESS,
2025-05-01T21:53:37.811036,OperationalExpenditure,547,540,CREATE,2434,SUCCESS,
2025-05-01T21:53:37.998537,OperationalExpenditure,548,541,CREATE,2462,SUCCESS,
2025-05-01T21:53:38.217287,OperationalExpenditure,549,542,CREATE,2424,SUCCESS,
2025-05-01T21:53:38.389162,OperationalExpenditure,550,543,CREATE,2433,SUCCESS,
2025-05-01T21:53:38.561040,OperationalExpenditure,551,544,CREATE,2457,SUCCESS,
2025-05-01T21:53:38.826663,OperationalExpenditure,552,545,CREATE,2394,SUCCESS,
2025-05-01T21:53:38.998537,OperationalExpenditure,553,546,CREATE,2416,SUCCESS,
2025-05-01T21:53:39.170412,OperationalExpenditure,554,547,CREATE,2454,SUCCESS,
2025-05-01T21:53:39.357911,OperationalExpenditure,555,548,CREATE,2484,SUCCESS,
2025-05-01T21:53:39.529787,OperationalExpenditure,556,549,CREATE,2535,SUCCESS,
2025-05-01T21:53:39.779787,OperationalExpenditure,557,550,CREATE,2536,SUCCESS,
2025-05-01T21:53:39.936036,OperationalExpenditure,558,551,CREATE,2456,SUCCESS,
2025-05-01T21:53:40.123536,OperationalExpenditure,559,552,CREATE,2515,SUCCESS,
2025-05-01T21:53:40.295412,OperationalExpenditure,560,553,CREATE,2524,SUCCESS,
2025-05-01T21:53:40.467286,OperationalExpenditure,561,554,CREATE,2504,SUCCESS,
2025-05-01T21:53:40.670411,OperationalExpenditure,562,555,CREATE,2471,SUCCESS,
2025-05-01T21:53:40.842287,OperationalExpenditure,563,556,CREATE,2496,SUCCESS,
2025-05-01T21:53:41.014162,OperationalExpenditure,564,557,CREATE,2470,SUCCESS,
2025-05-01T21:53:41.201662,OperationalExpenditure,565,558,CREATE,2502,SUCCESS,
2025-05-01T21:53:41.374011,OperationalExpenditure,566,559,CREATE,2461,SUCCESS,
2025-05-01T21:53:41.577136,OperationalExpenditure,567,560,CREATE,2501,SUCCESS,
2025-05-01T21:53:41.764635,OperationalExpenditure,568,561,CREATE,2509,SUCCESS,
2025-05-01T21:53:41.920886,OperationalExpenditure,569,562,CREATE,2533,SUCCESS,
2025-05-01T21:53:42.092761,OperationalExpenditure,570,563,CREATE,2474,SUCCESS,
2025-05-01T21:53:42.280260,OperationalExpenditure,571,564,CREATE,2492,SUCCESS,
2025-05-01T21:53:42.467760,OperationalExpenditure,572,565,CREATE,2503,SUCCESS,
2025-05-01T21:53:42.639635,OperationalExpenditure,573,566,CREATE,2534,SUCCESS,
2025-05-01T21:53:42.858385,OperationalExpenditure,574,567,CREATE,2520,SUCCESS,
2025-05-01T21:53:43.061511,OperationalExpenditure,575,568,CREATE,2413,SUCCESS,
2025-05-01T21:53:43.280906,OperationalExpenditure,576,569,CREATE,2514,SUCCESS,
2025-05-01T21:53:43.452852,OperationalExpenditure,577,570,CREATE,2526,SUCCESS,
2025-05-01T21:53:43.640293,OperationalExpenditure,578,571,CREATE,2586,SUCCESS,
2025-05-01T21:53:43.796606,OperationalExpenditure,579,572,CREATE,2591,SUCCESS,
2025-05-01T21:53:43.968478,OperationalExpenditure,580,573,CREATE,2606,SUCCESS,
2025-05-01T21:53:44.140352,OperationalExpenditure,581,574,CREATE,2621,SUCCESS,
2025-05-01T21:53:44.343478,OperationalExpenditure,582,575,CREATE,2550,SUCCESS,
2025-05-01T21:53:44.530978,OperationalExpenditure,583,576,CREATE,2593,SUCCESS,
2025-05-01T21:53:44.749727,OperationalExpenditure,584,577,CREATE,2632,SUCCESS,
2025-05-01T21:53:44.921604,OperationalExpenditure,585,578,CREATE,2576,SUCCESS,
2025-05-01T21:53:45.093477,OperationalExpenditure,586,579,CREATE,2580,SUCCESS,
2025-05-01T21:53:45.249728,OperationalExpenditure,587,580,CREATE,2495,SUCCESS,
2025-05-01T21:53:45.437228,OperationalExpenditure,588,581,CREATE,2531,SUCCESS,
2025-05-01T21:53:45.593478,OperationalExpenditure,589,582,CREATE,2544,SUCCESS,
2025-05-01T21:53:45.780978,OperationalExpenditure,590,583,CREATE,2542,SUCCESS,
2025-05-01T21:53:45.937227,OperationalExpenditure,591,584,CREATE,2578,SUCCESS,
2025-05-01T21:53:46.109103,OperationalExpenditure,592,585,CREATE,2602,SUCCESS,
2025-05-01T21:53:46.265353,OperationalExpenditure,593,586,CREATE,2605,SUCCESS,
2025-05-01T21:53:46.468448,OperationalExpenditure,594,587,CREATE,2695,SUCCESS,
2025-05-01T21:53:46.640352,OperationalExpenditure,595,588,CREATE,2696,SUCCESS,
2025-05-01T21:53:46.827781,OperationalExpenditure,596,589,CREATE,2687,SUCCESS,
2025-05-01T21:53:47.030978,OperationalExpenditure,597,590,CREATE,2697,SUCCESS,
2025-05-01T21:53:47.265281,OperationalExpenditure,598,591,CREATE,2663,SUCCESS,
2025-05-01T21:53:47.484102,OperationalExpenditure,599,592,CREATE,2724,SUCCESS,
2025-05-01T21:53:47.687228,OperationalExpenditure,600,593,CREATE,2712,SUCCESS,
2025-05-01T21:53:47.905977,OperationalExpenditure,601,594,CREATE,2678,SUCCESS,
2025-05-01T21:53:48.077852,OperationalExpenditure,602,595,CREATE,2761,SUCCESS,
2025-05-01T21:53:48.249727,OperationalExpenditure,603,596,CREATE,2793,SUCCESS,
2025-05-01T21:53:48.452856,OperationalExpenditure,604,597,CREATE,2733,SUCCESS,
2025-05-01T21:53:48.655977,OperationalExpenditure,605,598,CREATE,2699,SUCCESS,
2025-05-01T21:53:48.827853,OperationalExpenditure,606,599,CREATE,2581,SUCCESS,
2025-05-01T21:53:49.015352,OperationalExpenditure,607,600,CREATE,2631,SUCCESS,
2025-05-01T21:53:49.218444,OperationalExpenditure,608,601,CREATE,2726,SUCCESS,
2025-05-01T21:53:49.452853,OperationalExpenditure,609,602,CREATE,2715,SUCCESS,
2025-05-01T21:53:49.655977,OperationalExpenditure,610,603,CREATE,2794,SUCCESS,
2025-05-01T21:53:49.859104,OperationalExpenditure,611,604,CREATE,2494,SUCCESS,
2025-05-01T21:53:50.030977,OperationalExpenditure,612,605,CREATE,2603,SUCCESS,
2025-05-01T21:53:50.202852,OperationalExpenditure,613,606,CREATE,2698,SUCCESS,
2025-05-01T21:53:50.374727,OperationalExpenditure,614,607,CREATE,2802,SUCCESS,
2025-05-01T21:53:50.546602,OperationalExpenditure,615,608,CREATE,2769,SUCCESS,
2025-05-01T21:53:50.718478,OperationalExpenditure,616,609,CREATE,2800,SUCCESS,
2025-05-01T21:53:50.890282,OperationalExpenditure,617,610,CREATE,2900,SUCCESS,
2025-05-01T21:53:51.030978,OperationalExpenditure,618,611,CREATE,2419,SUCCESS,
2025-05-01T21:53:51.249727,OperationalExpenditure,619,612,CREATE,2444,SUCCESS,
2025-05-01T21:53:51.452853,OperationalExpenditure,620,613,CREATE,2808,SUCCESS,
2025-05-01T21:53:51.640353,OperationalExpenditure,621,614,CREATE,2816,SUCCESS,
2025-05-01T21:53:51.812229,OperationalExpenditure,622,615,CREATE,2877,SUCCESS,
2025-05-01T21:53:51.984102,OperationalExpenditure,623,616,CREATE,2892,SUCCESS,
2025-05-01T21:53:52.171548,OperationalExpenditure,624,617,CREATE,2789,SUCCESS,
2025-05-01T21:53:52.343411,OperationalExpenditure,625,618,CREATE,2801,SUCCESS,
2025-05-01T21:53:52.577111,OperationalExpenditure,626,619,CREATE,2824,SUCCESS,
2025-05-01T21:53:52.735700,OperationalExpenditure,627,620,CREATE,2894,SUCCESS,
2025-05-01T21:53:52.923185,OperationalExpenditure,628,621,CREATE,2734,SUCCESS,
2025-05-01T21:53:53.095131,OperationalExpenditure,629,622,CREATE,2876,SUCCESS,
2025-05-01T21:53:53.329506,OperationalExpenditure,630,623,CREATE,2890,SUCCESS,
2025-05-01T21:53:53.548256,OperationalExpenditure,631,624,CREATE,2917,SUCCESS,
2025-05-01T21:53:53.798256,OperationalExpenditure,632,625,CREATE,2944,SUCCESS,
2025-05-01T21:53:54.017005,OperationalExpenditure,633,626,CREATE,2977,SUCCESS,
2025-05-01T21:53:54.220131,OperationalExpenditure,634,627,CREATE,2978,SUCCESS,
2025-05-01T21:53:54.392006,OperationalExpenditure,635,628,CREATE,2792,SUCCESS,
2025-05-01T21:53:54.595131,OperationalExpenditure,636,629,CREATE,2803,SUCCESS,
2025-05-01T21:53:54.767006,OperationalExpenditure,637,630,CREATE,2847,SUCCESS,
2025-05-01T21:53:54.938880,OperationalExpenditure,638,631,CREATE,2688,SUCCESS,
2025-05-01T21:53:55.126381,OperationalExpenditure,639,632,CREATE,2994,SUCCESS,
2025-05-01T21:53:55.313808,OperationalExpenditure,640,633,CREATE,2965,SUCCESS,
2025-05-01T21:53:55.485756,OperationalExpenditure,641,634,CREATE,2577,SUCCESS,
2025-05-01T21:53:55.673255,OperationalExpenditure,642,635,CREATE,2790,SUCCESS,
2025-05-01T21:53:55.876380,OperationalExpenditure,643,636,CREATE,3078,SUCCESS,
2025-05-01T21:53:56.126380,OperationalExpenditure,644,637,CREATE,3033,SUCCESS,
2025-05-01T21:53:56.313880,OperationalExpenditure,645,638,CREATE,2762,SUCCESS,
2025-05-01T21:53:56.470131,OperationalExpenditure,646,639,CREATE,2771,SUCCESS,
2025-05-01T21:53:56.626381,OperationalExpenditure,647,640,CREATE,2932,SUCCESS,
2025-05-01T21:53:56.798255,OperationalExpenditure,648,641,CREATE,3014,SUCCESS,
2025-05-01T21:53:56.970132,OperationalExpenditure,649,642,CREATE,3094,SUCCESS,
2025-05-01T21:53:57.142005,OperationalExpenditure,650,643,CREATE,2856,SUCCESS,
2025-05-01T21:53:57.329507,OperationalExpenditure,651,644,CREATE,3011,SUCCESS,
2025-05-01T21:53:57.517006,OperationalExpenditure,652,645,CREATE,3015,SUCCESS,
2025-05-01T21:53:57.673256,OperationalExpenditure,653,646,CREATE,3032,SUCCESS,
2025-05-01T21:53:57.845132,OperationalExpenditure,654,647,CREATE,3037,SUCCESS,
2025-05-01T21:53:58.017007,OperationalExpenditure,655,648,CREATE,3049,SUCCESS,
2025-05-01T21:53:58.267006,OperationalExpenditure,656,649,CREATE,3074,SUCCESS,
2025-05-01T21:53:58.454505,OperationalExpenditure,657,650,CREATE,3079,SUCCESS,
2025-05-01T21:53:58.720130,OperationalExpenditure,658,651,CREATE,3075,SUCCESS,
2025-05-01T21:53:58.938881,OperationalExpenditure,659,652,CREATE,3125,SUCCESS,
2025-05-01T21:53:59.188880,OperationalExpenditure,660,653,CREATE,3093,SUCCESS,
2025-05-01T21:53:59.423255,OperationalExpenditure,661,654,CREATE,3050,SUCCESS,
2025-05-01T21:53:59.610756,OperationalExpenditure,662,655,CREATE,3067,SUCCESS,
2025-05-01T21:53:59.782632,OperationalExpenditure,663,656,CREATE,3096,SUCCESS,
2025-05-01T21:53:59.970131,OperationalExpenditure,664,657,CREATE,2799,SUCCESS,
2025-05-01T21:54:00.142006,OperationalExpenditure,665,658,CREATE,2811,SUCCESS,
2025-05-01T21:54:00.345131,OperationalExpenditure,666,659,CREATE,2957,SUCCESS,
2025-05-01T21:54:00.501381,OperationalExpenditure,667,660,CREATE,3120,SUCCESS,
2025-05-01T21:54:00.688880,OperationalExpenditure,668,661,CREATE,3130,SUCCESS,
2025-05-01T21:54:00.860756,OperationalExpenditure,669,662,CREATE,3131,SUCCESS,
2025-05-01T21:54:01.032630,OperationalExpenditure,670,663,CREATE,3139,SUCCESS,
2025-05-01T21:54:01.204505,OperationalExpenditure,671,664,CREATE,3184,SUCCESS,
2025-05-01T21:54:01.376381,OperationalExpenditure,672,665,CREATE,3123,SUCCESS,
2025-05-01T21:54:01.532631,OperationalExpenditure,673,666,CREATE,3156,SUCCESS,
2025-05-01T21:54:01.688882,OperationalExpenditure,674,667,CREATE,3095,SUCCESS,
2025-05-01T21:54:01.860756,OperationalExpenditure,675,668,CREATE,3124,SUCCESS,
2025-05-01T21:54:02.048257,OperationalExpenditure,676,669,CREATE,3162,SUCCESS,
2025-05-01T21:54:02.220131,OperationalExpenditure,677,670,CREATE,3176,SUCCESS,
2025-05-01T21:54:02.402316,OperationalExpenditure,678,671,CREATE,3148,SUCCESS,
2025-05-01T21:54:02.589816,OperationalExpenditure,679,672,CREATE,3174,SUCCESS,
2025-05-01T21:54:02.761691,OperationalExpenditure,680,673,CREATE,3198,SUCCESS,
2025-05-01T21:54:02.933566,OperationalExpenditure,681,674,CREATE,3140,SUCCESS,
2025-05-01T21:54:03.105440,OperationalExpenditure,682,675,CREATE,3185,SUCCESS,
2025-05-01T21:54:03.308565,OperationalExpenditure,683,676,CREATE,3249,SUCCESS,
2025-05-01T21:54:03.480442,OperationalExpenditure,684,677,CREATE,3216,SUCCESS,
2025-05-01T21:54:03.667940,OperationalExpenditure,685,678,CREATE,3241,SUCCESS,
2025-05-01T21:54:03.824190,OperationalExpenditure,686,679,CREATE,3209,SUCCESS,
2025-05-01T21:54:04.011690,OperationalExpenditure,687,680,CREATE,3222,SUCCESS,
2025-05-01T21:54:04.199190,OperationalExpenditure,688,681,CREATE,3240,SUCCESS,
2025-05-01T21:54:04.402315,OperationalExpenditure,689,682,CREATE,3252,SUCCESS,
2025-05-01T21:54:04.558566,OperationalExpenditure,690,683,CREATE,3253,SUCCESS,
2025-05-01T21:54:04.745994,OperationalExpenditure,691,684,CREATE,3258,SUCCESS,
2025-05-01T21:54:04.949190,OperationalExpenditure,692,685,CREATE,3266,SUCCESS,
2025-05-01T21:54:05.120992,OperationalExpenditure,693,686,CREATE,3213,SUCCESS,
2025-05-01T21:54:05.292940,OperationalExpenditure,694,687,CREATE,3204,SUCCESS,
2025-05-01T21:54:05.464815,OperationalExpenditure,695,688,CREATE,3215,SUCCESS,
2025-05-01T21:54:05.667940,OperationalExpenditure,696,689,CREATE,3235,SUCCESS,
2025-05-01T21:54:05.839815,OperationalExpenditure,697,690,CREATE,3315,SUCCESS,
2025-05-01T21:54:06.027315,OperationalExpenditure,698,691,CREATE,3383,SUCCESS,
2025-05-01T21:54:06.199191,OperationalExpenditure,699,692,CREATE,3277,SUCCESS,
2025-05-01T21:54:06.386691,OperationalExpenditure,700,693,CREATE,3212,SUCCESS,
2025-05-01T21:54:06.558565,OperationalExpenditure,701,694,CREATE,3370,SUCCESS,
2025-05-01T21:54:06.714816,OperationalExpenditure,702,695,CREATE,3330,SUCCESS,
2025-05-01T21:54:06.886692,OperationalExpenditure,703,696,CREATE,3355,SUCCESS,
2025-05-01T21:54:07.058566,OperationalExpenditure,704,697,CREATE,3313,SUCCESS,
2025-05-01T21:54:07.246066,OperationalExpenditure,705,698,CREATE,3354,SUCCESS,
2025-05-01T21:54:07.433565,OperationalExpenditure,706,699,CREATE,3389,SUCCESS,
2025-05-01T21:54:07.605451,OperationalExpenditure,707,700,CREATE,3397,SUCCESS,
2025-05-01T21:54:07.792941,OperationalExpenditure,708,701,CREATE,3279,SUCCESS,
2025-05-01T21:54:07.964816,OperationalExpenditure,709,702,CREATE,3285,SUCCESS,
2025-05-01T21:54:08.136692,OperationalExpenditure,710,703,CREATE,3305,SUCCESS,
2025-05-01T21:54:08.324190,OperationalExpenditure,711,704,CREATE,3338,SUCCESS,
2025-05-01T21:54:08.496065,OperationalExpenditure,712,705,CREATE,3283,SUCCESS,
2025-05-01T21:54:08.683565,OperationalExpenditure,713,706,CREATE,3306,SUCCESS,
2025-05-01T21:54:08.933566,OperationalExpenditure,714,707,CREATE,3314,SUCCESS,
2025-05-01T21:54:09.152315,OperationalExpenditure,715,708,CREATE,3336,SUCCESS,
2025-05-01T21:54:09.339815,OperationalExpenditure,716,709,CREATE,3368,SUCCESS,
2025-05-01T21:54:09.527315,OperationalExpenditure,717,710,CREATE,3408,SUCCESS,
2025-05-01T21:54:09.714816,OperationalExpenditure,718,711,CREATE,3410,SUCCESS,
2025-05-01T21:54:09.902315,OperationalExpenditure,719,712,CREATE,3420,SUCCESS,
2025-05-01T21:54:10.074191,OperationalExpenditure,720,713,CREATE,3353,SUCCESS,
2025-05-01T21:54:10.246065,OperationalExpenditure,721,714,CREATE,3400,SUCCESS,
2025-05-01T21:54:10.433566,OperationalExpenditure,722,715,CREATE,3411,SUCCESS,
2025-05-01T21:54:10.621069,OperationalExpenditure,723,716,CREATE,3423,SUCCESS,
2025-05-01T21:54:10.808566,OperationalExpenditure,724,717,CREATE,3425,SUCCESS,
2025-05-01T21:54:11.011691,OperationalExpenditure,725,718,CREATE,3262,SUCCESS,
2025-05-01T21:54:11.183566,OperationalExpenditure,726,719,CREATE,3395,SUCCESS,
2025-05-01T21:54:11.355441,OperationalExpenditure,727,720,CREATE,3450,SUCCESS,
2025-05-01T21:54:11.527315,OperationalExpenditure,728,721,CREATE,3484,SUCCESS,
2025-05-01T21:54:11.699190,OperationalExpenditure,729,722,CREATE,3453,SUCCESS,
2025-05-01T21:54:11.855441,OperationalExpenditure,730,723,CREATE,3456,SUCCESS,
2025-05-01T21:54:12.027315,OperationalExpenditure,731,724,CREATE,3471,SUCCESS,
2025-05-01T21:54:12.214816,OperationalExpenditure,732,725,CREATE,2404,SUCCESS,
2025-05-01T21:54:12.402316,OperationalExpenditure,733,726,CREATE,3473,SUCCESS,
2025-05-01T21:54:12.558567,OperationalExpenditure,734,727,CREATE,3487,SUCCESS,
2025-05-01T21:54:12.730440,OperationalExpenditure,735,728,CREATE,3442,SUCCESS,
2025-05-01T21:54:12.917941,OperationalExpenditure,736,729,CREATE,3544,SUCCESS,
2025-05-01T21:54:13.089816,OperationalExpenditure,737,730,CREATE,3545,SUCCESS,
2025-05-01T21:54:13.277315,OperationalExpenditure,738,731,CREATE,3472,SUCCESS,
2025-05-01T21:54:13.449192,OperationalExpenditure,739,732,CREATE,3491,SUCCESS,
2025-05-01T21:54:13.636691,OperationalExpenditure,740,733,CREATE,3510,SUCCESS,
2025-05-01T21:54:13.808567,OperationalExpenditure,741,734,CREATE,3511,SUCCESS,
2025-05-01T21:54:13.996066,OperationalExpenditure,742,735,CREATE,3369,SUCCESS,
2025-05-01T21:54:14.183567,OperationalExpenditure,743,736,CREATE,3441,SUCCESS,
2025-05-01T21:54:14.371004,OperationalExpenditure,744,737,CREATE,3396,SUCCESS,
2025-05-01T21:54:14.542940,OperationalExpenditure,745,738,CREATE,3537,SUCCESS,
2025-05-01T21:54:14.730370,OperationalExpenditure,746,739,CREATE,3535,SUCCESS,
2025-05-01T21:54:14.886624,OperationalExpenditure,747,740,CREATE,3567,SUCCESS,
2025-05-01T21:54:15.058517,OperationalExpenditure,748,741,CREATE,3577,SUCCESS,
2025-05-01T21:54:15.230378,OperationalExpenditure,749,742,CREATE,3466,SUCCESS,
2025-05-01T21:54:15.417875,OperationalExpenditure,750,743,CREATE,3590,SUCCESS,
2025-05-01T21:54:15.605368,OperationalExpenditure,751,744,CREATE,3591,SUCCESS,
2025-05-01T21:54:15.761643,OperationalExpenditure,752,745,CREATE,3616,SUCCESS,
2025-05-01T21:54:15.949191,OperationalExpenditure,753,746,CREATE,3610,SUCCESS,
2025-05-01T21:54:16.105440,OperationalExpenditure,754,747,CREATE,3693,SUCCESS,
2025-05-01T21:54:16.277315,OperationalExpenditure,755,748,CREATE,3696,SUCCESS,
2025-05-01T21:54:16.464816,OperationalExpenditure,756,749,CREATE,3593,SUCCESS,
2025-05-01T21:54:16.714816,OperationalExpenditure,757,750,CREATE,3632,SUCCESS,
2025-05-01T21:54:16.949192,OperationalExpenditure,758,751,CREATE,3640,SUCCESS,
2025-05-01T21:54:17.230441,OperationalExpenditure,759,752,CREATE,3658,SUCCESS,
2025-05-01T21:54:17.449191,OperationalExpenditure,760,753,CREATE,3506,SUCCESS,
2025-05-01T21:54:17.605440,OperationalExpenditure,761,754,CREATE,3592,SUCCESS,
2025-05-01T21:54:17.777315,OperationalExpenditure,762,755,CREATE,3617,SUCCESS,
2025-05-01T21:54:17.949191,OperationalExpenditure,763,756,CREATE,3798,SUCCESS,
2025-05-01T21:54:18.136690,OperationalExpenditure,764,757,CREATE,3797,SUCCESS,
2025-05-01T21:54:18.308567,OperationalExpenditure,765,758,CREATE,3786,SUCCESS,
2025-05-01T21:54:18.480440,OperationalExpenditure,766,759,CREATE,3877,SUCCESS,
2025-05-01T21:54:18.667941,OperationalExpenditure,767,760,CREATE,3898,SUCCESS,
2025-05-01T21:54:18.871069,OperationalExpenditure,768,761,CREATE,3717,SUCCESS,
2025-05-01T21:54:19.230440,OperationalExpenditure,769,762,CREATE,3820,SUCCESS,
2025-05-01T21:54:19.480440,OperationalExpenditure,770,763,CREATE,3749,SUCCESS,
2025-05-01T21:54:19.667940,OperationalExpenditure,771,764,CREATE,3672,SUCCESS,
2025-05-01T21:54:19.902316,OperationalExpenditure,772,765,CREATE,3832,SUCCESS,
2025-05-01T21:54:20.074190,OperationalExpenditure,773,766,CREATE,3864,SUCCESS,
2025-05-01T21:54:20.246065,OperationalExpenditure,774,767,CREATE,3795,SUCCESS,
2025-05-01T21:54:20.433565,OperationalExpenditure,775,768,CREATE,3729,SUCCESS,
2025-05-01T21:54:20.636691,OperationalExpenditure,776,769,CREATE,3715,SUCCESS,
2025-05-01T21:54:20.808566,OperationalExpenditure,777,770,CREATE,3740,SUCCESS,
2025-05-01T21:54:20.980441,OperationalExpenditure,778,771,CREATE,3732,SUCCESS,
2025-05-01T21:54:21.183566,OperationalExpenditure,779,772,CREATE,3741,SUCCESS,
2025-05-01T21:54:21.371066,OperationalExpenditure,780,773,CREATE,3826,SUCCESS,
2025-05-01T21:54:21.527316,OperationalExpenditure,781,774,CREATE,3918,SUCCESS,
2025-05-01T21:54:21.699191,OperationalExpenditure,782,775,CREATE,3934,SUCCESS,
2025-05-01T21:54:21.886690,OperationalExpenditure,783,776,CREATE,3946,SUCCESS,
2025-05-01T21:54:22.042941,OperationalExpenditure,784,777,CREATE,3916,SUCCESS,
2025-05-01T21:54:22.214754,OperationalExpenditure,785,778,CREATE,3976,SUCCESS,
2025-05-01T21:54:22.402316,OperationalExpenditure,786,779,CREATE,3977,SUCCESS,
2025-05-01T21:54:22.605441,OperationalExpenditure,787,780,CREATE,3937,SUCCESS,
2025-05-01T21:54:22.777316,OperationalExpenditure,788,781,CREATE,3915,SUCCESS,
2025-05-01T21:54:22.949190,OperationalExpenditure,789,782,CREATE,4034,SUCCESS,
2025-05-01T21:54:23.105440,OperationalExpenditure,790,783,CREATE,4018,SUCCESS,
2025-05-01T21:54:23.292941,OperationalExpenditure,791,784,CREATE,4004,SUCCESS,
2025-05-01T21:54:23.480447,OperationalExpenditure,792,785,CREATE,4059,SUCCESS,
2025-05-01T21:54:23.667941,OperationalExpenditure,793,786,CREATE,3931,SUCCESS,
2025-05-01T21:54:23.855440,OperationalExpenditure,794,787,CREATE,3978,SUCCESS,
2025-05-01T21:54:24.027316,OperationalExpenditure,795,788,CREATE,3994,SUCCESS,
2025-05-01T21:54:24.214815,OperationalExpenditure,796,789,CREATE,4023,SUCCESS,
2025-05-01T21:54:24.417941,OperationalExpenditure,797,790,CREATE,3979,SUCCESS,
2025-05-01T21:54:24.589816,OperationalExpenditure,798,791,CREATE,4021,SUCCESS,
2025-05-01T21:54:24.777316,OperationalExpenditure,799,792,CREATE,4022,SUCCESS,
2025-05-01T21:54:24.996065,OperationalExpenditure,800,793,CREATE,4036,SUCCESS,
2025-05-01T21:54:25.183565,OperationalExpenditure,801,794,CREATE,4054,SUCCESS,
2025-05-01T21:54:25.355441,OperationalExpenditure,802,795,CREATE,4058,SUCCESS,
2025-05-01T21:54:25.527316,OperationalExpenditure,803,796,CREATE,4118,SUCCESS,
2025-05-01T21:54:25.730442,OperationalExpenditure,804,797,CREATE,4119,SUCCESS,
2025-05-01T21:54:25.917943,OperationalExpenditure,805,798,CREATE,4120,SUCCESS,
2025-05-01T21:54:26.105441,OperationalExpenditure,806,799,CREATE,3986,SUCCESS,
2025-05-01T21:54:26.292942,OperationalExpenditure,807,800,CREATE,4045,SUCCESS,
2025-05-01T21:54:26.464815,OperationalExpenditure,808,801,CREATE,4088,SUCCESS,
2025-05-01T21:54:26.652248,OperationalExpenditure,809,802,CREATE,4075,SUCCESS,
2025-05-01T21:54:26.824145,OperationalExpenditure,810,803,CREATE,4060,SUCCESS,
2025-05-01T21:54:27.018693,OperationalExpenditure,811,804,CREATE,4116,SUCCESS,
2025-05-01T21:54:27.192284,OperationalExpenditure,812,805,CREATE,4141,SUCCESS,
2025-05-01T21:54:27.381839,OperationalExpenditure,813,806,CREATE,4191,SUCCESS,
2025-05-01T21:54:27.569372,OperationalExpenditure,814,807,CREATE,4031,SUCCESS,
2025-05-01T21:54:27.741248,OperationalExpenditure,815,808,CREATE,4103,SUCCESS,
2025-05-01T21:54:27.913122,OperationalExpenditure,816,809,CREATE,4033,SUCCESS,
2025-05-01T21:54:28.069374,OperationalExpenditure,817,810,CREATE,4090,SUCCESS,
2025-05-01T21:54:28.225622,OperationalExpenditure,818,811,CREATE,4258,SUCCESS,
2025-05-01T21:54:28.413121,OperationalExpenditure,819,812,CREATE,4162,SUCCESS,
2025-05-01T21:54:28.584998,OperationalExpenditure,820,813,CREATE,4196,SUCCESS,
2025-05-01T21:54:28.756872,OperationalExpenditure,821,814,CREATE,4069,SUCCESS,
2025-05-01T21:54:28.944301,OperationalExpenditure,822,815,CREATE,4068,SUCCESS,
2025-05-01T21:54:29.116247,OperationalExpenditure,823,816,CREATE,4109,SUCCESS,
2025-05-01T21:54:29.334998,OperationalExpenditure,824,817,CREATE,4108,SUCCESS,
2025-05-01T21:54:29.506871,OperationalExpenditure,825,818,CREATE,4161,SUCCESS,
2025-05-01T21:54:29.678747,OperationalExpenditure,826,819,CREATE,4154,SUCCESS,
2025-05-01T21:54:29.866247,OperationalExpenditure,827,820,CREATE,4212,SUCCESS,
2025-05-01T21:54:30.022497,OperationalExpenditure,828,821,CREATE,4210,SUCCESS,
2025-05-01T21:54:30.178676,OperationalExpenditure,829,822,CREATE,4071,SUCCESS,
2025-05-01T21:54:30.397498,OperationalExpenditure,830,823,CREATE,4182,SUCCESS,
2025-05-01T21:54:30.553746,OperationalExpenditure,831,824,CREATE,4115,SUCCESS,
2025-05-01T21:54:30.772427,OperationalExpenditure,832,825,CREATE,4163,SUCCESS,
2025-05-01T21:54:30.959996,OperationalExpenditure,833,826,CREATE,4216,SUCCESS,
2025-05-01T21:54:31.147497,OperationalExpenditure,834,827,CREATE,4248,SUCCESS,
2025-05-01T21:54:31.334989,OperationalExpenditure,835,828,CREATE,4223,SUCCESS,
2025-05-01T21:54:31.538122,OperationalExpenditure,836,829,CREATE,4220,SUCCESS,
2025-05-01T21:54:31.741247,OperationalExpenditure,837,830,CREATE,4183,SUCCESS,
2025-05-01T21:54:31.928746,OperationalExpenditure,838,831,CREATE,4310,SUCCESS,
2025-05-01T21:54:32.100621,OperationalExpenditure,839,832,CREATE,4284,SUCCESS,
2025-05-01T21:54:32.303746,OperationalExpenditure,840,833,CREATE,4257,SUCCESS,
2025-05-01T21:54:32.475550,OperationalExpenditure,841,834,CREATE,4202,SUCCESS,
2025-05-01T21:54:32.631873,OperationalExpenditure,842,835,CREATE,3261,SUCCESS,
2025-05-01T21:54:32.834997,OperationalExpenditure,843,836,CREATE,4309,SUCCESS,
2025-05-01T21:54:33.038122,OperationalExpenditure,844,837,CREATE,4299,SUCCESS,
2025-05-01T21:54:33.288122,OperationalExpenditure,845,838,CREATE,4233,SUCCESS,
2025-05-01T21:54:33.475623,OperationalExpenditure,846,839,CREATE,4231,SUCCESS,
2025-05-01T21:54:33.647497,OperationalExpenditure,847,840,CREATE,4265,SUCCESS,
2025-05-01T21:54:33.819371,OperationalExpenditure,848,841,CREATE,4321,SUCCESS,
2025-05-01T21:54:33.991247,OperationalExpenditure,849,842,CREATE,4322,SUCCESS,
2025-05-01T21:54:34.163122,OperationalExpenditure,850,843,CREATE,4334,SUCCESS,
2025-05-01T21:54:34.319371,OperationalExpenditure,851,844,CREATE,4308,SUCCESS,
2025-05-01T21:54:34.491247,OperationalExpenditure,852,845,CREATE,4312,SUCCESS,
2025-05-01T21:54:34.678747,OperationalExpenditure,853,846,CREATE,4341,SUCCESS,
2025-05-01T21:54:34.913121,OperationalExpenditure,854,847,CREATE,4342,SUCCESS,
2025-05-01T21:54:35.084998,OperationalExpenditure,855,848,CREATE,4394,SUCCESS,
2025-05-01T21:54:35.256871,OperationalExpenditure,856,849,CREATE,4405,SUCCESS,
2025-05-01T21:54:35.428747,OperationalExpenditure,857,850,CREATE,4281,SUCCESS,
2025-05-01T21:54:35.569372,OperationalExpenditure,858,851,CREATE,3311,SUCCESS,
2025-05-01T21:54:35.741173,OperationalExpenditure,859,852,CREATE,4386,SUCCESS,
2025-05-01T21:54:35.913121,OperationalExpenditure,860,853,CREATE,4330,SUCCESS,
2025-05-01T21:54:36.100622,OperationalExpenditure,861,854,CREATE,4304,SUCCESS,
2025-05-01T21:54:36.288122,OperationalExpenditure,862,855,CREATE,4329,SUCCESS,
2025-05-01T21:54:36.428747,OperationalExpenditure,863,856,CREATE,4354,SUCCESS,
2025-05-01T21:54:36.584997,OperationalExpenditure,864,857,CREATE,4392,SUCCESS,
2025-05-01T21:54:36.772497,OperationalExpenditure,865,858,CREATE,4407,SUCCESS,
2025-05-01T21:54:36.928747,OperationalExpenditure,866,859,CREATE,4353,SUCCESS,
2025-05-01T21:54:37.084996,OperationalExpenditure,867,860,CREATE,4411,SUCCESS,
2025-05-01T21:54:37.241247,OperationalExpenditure,868,861,CREATE,4305,SUCCESS,
2025-05-01T21:54:37.381874,OperationalExpenditure,869,862,CREATE,3900,SUCCESS,
2025-05-01T21:54:37.553747,OperationalExpenditure,870,863,CREATE,3904,SUCCESS,
2025-05-01T21:54:37.725621,OperationalExpenditure,871,864,CREATE,3933,SUCCESS,
2025-05-01T21:54:37.881872,OperationalExpenditure,872,865,CREATE,4494,SUCCESS,
2025-05-01T21:54:38.053747,OperationalExpenditure,873,866,CREATE,4508,SUCCESS,
2025-05-01T21:54:38.209997,OperationalExpenditure,874,867,CREATE,4554,SUCCESS,
2025-05-01T21:54:38.366246,OperationalExpenditure,875,868,CREATE,4553,SUCCESS,
2025-05-01T21:54:38.522497,OperationalExpenditure,876,869,CREATE,4528,SUCCESS,
2025-05-01T21:54:38.694372,OperationalExpenditure,877,870,CREATE,4581,SUCCESS,
2025-05-01T21:54:38.897426,OperationalExpenditure,878,871,CREATE,4609,SUCCESS,
2025-05-01T21:54:39.084924,OperationalExpenditure,879,872,CREATE,4425,SUCCESS,
2025-05-01T21:54:39.256799,OperationalExpenditure,880,873,CREATE,4456,SUCCESS,
2025-05-01T21:54:39.413132,OperationalExpenditure,881,874,CREATE,4582,SUCCESS,
2025-05-01T21:54:39.569371,OperationalExpenditure,882,875,CREATE,4476,SUCCESS,
2025-05-01T21:54:39.725548,OperationalExpenditure,883,876,CREATE,4467,SUCCESS,
2025-05-01T21:54:39.897497,OperationalExpenditure,884,877,CREATE,4490,SUCCESS,
2025-05-01T21:54:40.053676,OperationalExpenditure,885,878,CREATE,4491,SUCCESS,
2025-05-01T21:54:40.209928,OperationalExpenditure,886,879,CREATE,4488,SUCCESS,
2025-05-01T21:54:40.381827,OperationalExpenditure,887,880,CREATE,4562,SUCCESS,
2025-05-01T21:54:40.569372,OperationalExpenditure,888,881,CREATE,4564,SUCCESS,
2025-05-01T21:54:40.756800,OperationalExpenditure,889,882,CREATE,4563,SUCCESS,
2025-05-01T21:54:40.928675,OperationalExpenditure,890,883,CREATE,4579,SUCCESS,
2025-05-01T21:54:41.100550,OperationalExpenditure,891,884,CREATE,4580,SUCCESS,
2025-05-01T21:54:41.256872,OperationalExpenditure,892,885,CREATE,4592,SUCCESS,
2025-05-01T21:54:41.428674,OperationalExpenditure,893,886,CREATE,4542,SUCCESS,
2025-05-01T21:54:41.600587,OperationalExpenditure,894,887,CREATE,4493,SUCCESS,
2025-05-01T21:54:41.772425,OperationalExpenditure,895,888,CREATE,4538,SUCCESS,
2025-05-01T21:54:41.944372,OperationalExpenditure,896,889,CREATE,4583,SUCCESS,
2025-05-01T21:54:42.116208,OperationalExpenditure,897,890,CREATE,4475,SUCCESS,
2025-05-01T21:54:42.350555,OperationalExpenditure,898,891,CREATE,4573,SUCCESS,
2025-05-01T21:54:42.522497,OperationalExpenditure,899,892,CREATE,4643,SUCCESS,
2025-05-01T21:54:42.694372,OperationalExpenditure,900,893,CREATE,4663,SUCCESS,
2025-05-01T21:54:42.897497,OperationalExpenditure,901,894,CREATE,4668,SUCCESS,
2025-05-01T21:54:43.100558,OperationalExpenditure,902,895,CREATE,4745,SUCCESS,
2025-05-01T21:54:43.258834,OperationalExpenditure,903,896,CREATE,4352,SUCCESS,
2025-05-01T21:54:43.399462,OperationalExpenditure,904,897,CREATE,4652,SUCCESS,
2025-05-01T21:54:43.618280,OperationalExpenditure,905,898,CREATE,4604,SUCCESS,
2025-05-01T21:54:43.790155,OperationalExpenditure,906,899,CREATE,4848,SUCCESS,
2025-05-01T21:54:43.977655,OperationalExpenditure,907,900,CREATE,4838,SUCCESS,
2025-05-01T21:54:44.180781,OperationalExpenditure,908,901,CREATE,4749,SUCCESS,
2025-05-01T21:54:44.352655,OperationalExpenditure,909,902,CREATE,4763,SUCCESS,
2025-05-01T21:54:44.508906,OperationalExpenditure,910,903,CREATE,4826,SUCCESS,
2025-05-01T21:54:44.727583,OperationalExpenditure,911,904,CREATE,4873,SUCCESS,
2025-05-01T21:54:44.915155,OperationalExpenditure,912,905,CREATE,4686,SUCCESS,
2025-05-01T21:54:45.133835,OperationalExpenditure,913,906,CREATE,4886,SUCCESS,
2025-05-01T21:54:45.493280,OperationalExpenditure,914,907,CREATE,4889,SUCCESS,
2025-05-01T21:54:45.680780,OperationalExpenditure,915,908,CREATE,4849,SUCCESS,
2025-05-01T21:54:45.868285,OperationalExpenditure,916,909,CREATE,4750,SUCCESS,
2025-05-01T21:54:46.024530,OperationalExpenditure,917,910,CREATE,4836,SUCCESS,
2025-05-01T21:54:46.180781,OperationalExpenditure,918,911,CREATE,4871,SUCCESS,
2025-05-01T21:54:46.352655,OperationalExpenditure,919,912,CREATE,4956,SUCCESS,
2025-05-01T21:54:46.524531,OperationalExpenditure,920,913,CREATE,4783,SUCCESS,
2025-05-01T21:54:46.680780,OperationalExpenditure,921,914,CREATE,4834,SUCCESS,
2025-05-01T21:54:46.821406,OperationalExpenditure,922,915,CREATE,4736,SUCCESS,
2025-05-01T21:54:47.008905,OperationalExpenditure,923,916,CREATE,4786,SUCCESS,
2025-05-01T21:54:47.243280,OperationalExpenditure,924,917,CREATE,4830,SUCCESS,
2025-05-01T21:54:47.477656,OperationalExpenditure,925,918,CREATE,4810,SUCCESS,
2025-05-01T21:54:47.665155,OperationalExpenditure,926,919,CREATE,4764,SUCCESS,
2025-05-01T21:54:47.821405,OperationalExpenditure,927,920,CREATE,4811,SUCCESS,
2025-05-01T21:54:47.993280,OperationalExpenditure,928,921,CREATE,4832,SUCCESS,
2025-05-01T21:54:48.165155,OperationalExpenditure,929,922,CREATE,4688,SUCCESS,
2025-05-01T21:54:48.336972,OperationalExpenditure,930,923,CREATE,4809,SUCCESS,
2025-05-01T21:54:48.493280,OperationalExpenditure,931,924,CREATE,4829,SUCCESS,
2025-05-01T21:54:48.649531,OperationalExpenditure,932,925,CREATE,4812,SUCCESS,
2025-05-01T21:54:48.837030,OperationalExpenditure,933,926,CREATE,4867,SUCCESS,
2025-05-01T21:54:49.008905,OperationalExpenditure,934,927,CREATE,4888,SUCCESS,
2025-05-01T21:54:49.196405,OperationalExpenditure,935,928,CREATE,4869,SUCCESS,
2025-05-01T21:54:49.352656,OperationalExpenditure,936,929,CREATE,4735,SUCCESS,
2025-05-01T21:54:49.493281,OperationalExpenditure,937,930,CREATE,4937,SUCCESS,
2025-05-01T21:54:49.665155,OperationalExpenditure,938,931,CREATE,4939,SUCCESS,
2025-05-01T21:54:49.837031,OperationalExpenditure,939,932,CREATE,4966,SUCCESS,
2025-05-01T21:54:49.993280,OperationalExpenditure,940,933,CREATE,4854,SUCCESS,
2025-05-01T21:54:50.180780,OperationalExpenditure,941,934,CREATE,4965,SUCCESS,
2025-05-01T21:54:50.368280,OperationalExpenditure,942,935,CREATE,4999,SUCCESS,
2025-05-01T21:54:50.540155,OperationalExpenditure,943,936,CREATE,4985,SUCCESS,
2025-05-01T21:54:50.696405,OperationalExpenditure,944,937,CREATE,4978,SUCCESS,
2025-05-01T21:54:50.883832,OperationalExpenditure,945,938,CREATE,4908,SUCCESS,
2025-05-01T21:54:51.055781,OperationalExpenditure,946,939,CREATE,4870,SUCCESS,
2025-05-01T21:54:51.259048,OperationalExpenditure,947,940,CREATE,5028,SUCCESS,
2025-05-01T21:54:51.446548,OperationalExpenditure,948,941,CREATE,4667,SUCCESS,
2025-05-01T21:54:51.602798,OperationalExpenditure,949,942,CREATE,4744,SUCCESS,
2025-05-01T21:54:51.743423,OperationalExpenditure,950,943,CREATE,4925,SUCCESS,
2025-05-01T21:54:51.946548,OperationalExpenditure,951,944,CREATE,4988,SUCCESS,
2025-05-01T21:54:52.102798,OperationalExpenditure,952,945,CREATE,5038,SUCCESS,
2025-05-01T21:54:52.259023,OperationalExpenditure,953,946,CREATE,4987,SUCCESS,
2025-05-01T21:54:52.430922,OperationalExpenditure,954,947,CREATE,5043,SUCCESS,
2025-05-01T21:54:52.634048,OperationalExpenditure,955,948,CREATE,4997,SUCCESS,
2025-05-01T21:54:52.805923,OperationalExpenditure,956,949,CREATE,4998,SUCCESS,
2025-05-01T21:54:53.009048,OperationalExpenditure,957,950,CREATE,4896,SUCCESS,
2025-05-01T21:54:53.180923,OperationalExpenditure,958,951,CREATE,4895,SUCCESS,
2025-05-01T21:54:53.352801,OperationalExpenditure,959,952,CREATE,4923,SUCCESS,
2025-05-01T21:54:53.540297,OperationalExpenditure,960,953,CREATE,5198,SUCCESS,
2025-05-01T21:54:53.774673,OperationalExpenditure,961,954,CREATE,5096,SUCCESS,
2025-05-01T21:54:53.962176,OperationalExpenditure,962,955,CREATE,5095,SUCCESS,
2025-05-01T21:54:54.180922,OperationalExpenditure,963,956,CREATE,5140,SUCCESS,
2025-05-01T21:54:54.384053,OperationalExpenditure,964,957,CREATE,5226,SUCCESS,
2025-05-01T21:54:54.555923,OperationalExpenditure,965,958,CREATE,5234,SUCCESS,
2025-05-01T21:54:54.727798,OperationalExpenditure,966,959,CREATE,5125,SUCCESS,
2025-05-01T21:54:54.884048,OperationalExpenditure,967,960,CREATE,5304,SUCCESS,
2025-05-01T21:54:55.071547,OperationalExpenditure,968,961,CREATE,5305,SUCCESS,
2025-05-01T21:54:55.243423,OperationalExpenditure,969,962,CREATE,5246,SUCCESS,
2025-05-01T21:54:55.415298,OperationalExpenditure,970,963,CREATE,5263,SUCCESS,
2025-05-01T21:54:55.571548,OperationalExpenditure,971,964,CREATE,5294,SUCCESS,
2025-05-01T21:54:55.915298,OperationalExpenditure,972,965,CREATE,5315,SUCCESS,
2025-05-01T21:54:56.102798,OperationalExpenditure,973,966,CREATE,5317,SUCCESS,
2025-05-01T21:54:56.290298,OperationalExpenditure,974,967,CREATE,5323,SUCCESS,
2025-05-01T21:54:56.462269,OperationalExpenditure,975,968,CREATE,5168,SUCCESS,
2025-05-01T21:54:56.649770,OperationalExpenditure,976,969,CREATE,5183,SUCCESS,
2025-05-01T21:54:56.806020,OperationalExpenditure,977,970,CREATE,5194,SUCCESS,
2025-05-01T21:54:56.962270,OperationalExpenditure,978,971,CREATE,5085,SUCCESS,
2025-05-01T21:54:57.118519,OperationalExpenditure,979,972,CREATE,5223,SUCCESS,
2025-05-01T21:54:57.290323,OperationalExpenditure,980,973,CREATE,5021,SUCCESS,
2025-05-01T21:54:57.462273,OperationalExpenditure,981,974,CREATE,5184,SUCCESS,
2025-05-01T21:54:57.618519,OperationalExpenditure,982,975,CREATE,5303,SUCCESS,
2025-05-01T21:54:57.790395,OperationalExpenditure,983,976,CREATE,5169,SUCCESS,
2025-05-01T21:54:58.056019,OperationalExpenditure,984,977,CREATE,5411,SUCCESS,
2025-05-01T21:54:58.259150,OperationalExpenditure,985,978,CREATE,5314,SUCCESS,
2025-05-01T21:54:58.415395,OperationalExpenditure,986,979,CREATE,5463,SUCCESS,
2025-05-01T21:54:58.587269,OperationalExpenditure,987,980,CREATE,5479,SUCCESS,
2025-05-01T21:54:58.821644,OperationalExpenditure,988,981,CREATE,5335,SUCCESS,
2025-05-01T21:54:58.978040,OperationalExpenditure,989,982,CREATE,5480,SUCCESS,
2025-05-01T21:54:59.149916,OperationalExpenditure,990,983,CREATE,5489,SUCCESS,
2025-05-01T21:54:59.353040,OperationalExpenditure,991,984,CREATE,5497,SUCCESS,
2025-05-01T21:54:59.509296,OperationalExpenditure,992,985,CREATE,5481,SUCCESS,
2025-05-01T21:54:59.649915,OperationalExpenditure,993,986,CREATE,5505,SUCCESS,
2025-05-01T21:54:59.806165,OperationalExpenditure,994,987,CREATE,5591,SUCCESS,
2025-05-01T21:54:59.978040,OperationalExpenditure,995,988,CREATE,5623,SUCCESS,
2025-05-01T21:55:00.165475,OperationalExpenditure,996,989,CREATE,5637,SUCCESS,
2025-05-01T21:55:00.321743,OperationalExpenditure,997,990,CREATE,5638,SUCCESS,
2025-05-01T21:55:00.493665,OperationalExpenditure,998,991,CREATE,5375,SUCCESS,
2025-05-01T21:55:00.669297,OperationalExpenditure,999,992,CREATE,5362,SUCCESS,
2025-05-01T21:55:00.845671,OperationalExpenditure,1000,993,CREATE,5383,SUCCESS,
2025-05-01T21:55:01.017601,OperationalExpenditure,1001,994,CREATE,5400,SUCCESS,
2025-05-01T21:55:01.173852,OperationalExpenditure,1002,995,CREATE,5413,SUCCESS,
2025-05-01T21:55:01.314476,OperationalExpenditure,1003,996,CREATE,5498,SUCCESS,
2025-05-01T21:55:01.470726,OperationalExpenditure,1004,997,CREATE,5511,SUCCESS,
2025-05-01T21:55:01.673851,OperationalExpenditure,1005,998,CREATE,5570,SUCCESS,
2025-05-01T21:55:01.845727,OperationalExpenditure,1006,999,CREATE,5568,SUCCESS,
2025-05-01T21:55:02.001976,OperationalExpenditure,1007,1000,CREATE,5569,SUCCESS,
2025-05-01T21:55:02.189476,OperationalExpenditure,1008,1001,CREATE,4617,SUCCESS,
2025-05-01T21:55:02.345727,OperationalExpenditure,1009,1002,CREATE,4629,SUCCESS,
2025-05-01T21:55:02.496658,OperationalExpenditure,1010,1003,CREATE,4651,SUCCESS,
2025-05-01T21:55:02.668533,OperationalExpenditure,1011,1004,CREATE,4733,SUCCESS,
2025-05-01T21:55:02.824783,OperationalExpenditure,1012,1005,CREATE,4725,SUCCESS,
2025-05-01T21:55:02.981033,OperationalExpenditure,1013,1006,CREATE,4748,SUCCESS,
2025-05-01T21:55:03.137283,OperationalExpenditure,1014,1007,CREATE,4887,SUCCESS,
2025-05-01T21:55:03.324784,OperationalExpenditure,1015,1008,CREATE,4890,SUCCESS,
2025-05-01T21:55:03.480969,OperationalExpenditure,1016,1009,CREATE,5585,SUCCESS,
2025-05-01T21:55:03.621659,OperationalExpenditure,1017,1010,CREATE,5628,SUCCESS,
2025-05-01T21:55:03.809158,OperationalExpenditure,1018,1011,CREATE,5627,SUCCESS,
2025-05-01T21:55:03.981033,OperationalExpenditure,1019,1012,CREATE,5590,SUCCESS,
2025-05-01T21:55:04.168533,OperationalExpenditure,1020,1013,CREATE,5384,SUCCESS,
2025-05-01T21:55:04.340408,OperationalExpenditure,1021,1014,CREATE,5549,SUCCESS,
2025-05-01T21:55:04.512283,OperationalExpenditure,1022,1015,CREATE,5509,SUCCESS,
2025-05-01T21:55:04.684158,OperationalExpenditure,1023,1016,CREATE,5515,SUCCESS,
2025-05-01T21:55:04.856034,OperationalExpenditure,1024,1017,CREATE,5567,SUCCESS,
2025-05-01T21:55:05.074784,OperationalExpenditure,1025,1018,CREATE,5629,SUCCESS,
2025-05-01T21:55:05.246658,OperationalExpenditure,1026,1019,CREATE,5467,SUCCESS,
2025-05-01T21:55:05.402907,OperationalExpenditure,1027,1020,CREATE,5477,SUCCESS,
2025-05-01T21:55:05.574783,OperationalExpenditure,1028,1021,CREATE,5398,SUCCESS,
2025-05-01T21:55:05.746658,OperationalExpenditure,1029,1022,CREATE,5625,SUCCESS,
2025-05-01T21:55:05.918533,OperationalExpenditure,1030,1023,CREATE,5576,SUCCESS,
2025-05-01T21:55:06.090408,OperationalExpenditure,1031,1024,CREATE,5651,SUCCESS,
2025-05-01T21:55:06.277837,OperationalExpenditure,1032,1025,CREATE,5527,SUCCESS,
2025-05-01T21:55:06.434159,OperationalExpenditure,1033,1026,CREATE,5626,SUCCESS,
2025-05-01T21:55:06.606033,OperationalExpenditure,1034,1027,CREATE,5636,SUCCESS,
2025-05-01T21:55:06.793506,OperationalExpenditure,1035,1028,CREATE,5650,SUCCESS,
2025-05-01T21:55:06.965337,OperationalExpenditure,1036,1029,CREATE,5648,SUCCESS,
2025-05-01T21:55:07.106034,OperationalExpenditure,1037,1030,CREATE,5641,SUCCESS,
2025-05-01T21:55:07.277909,OperationalExpenditure,1038,1031,CREATE,5640,SUCCESS,
2025-05-01T21:55:07.418533,OperationalExpenditure,1039,1032,CREATE,5652,SUCCESS,
2025-05-01T21:55:07.637283,OperationalExpenditure,1040,1033,CREATE,5737,SUCCESS,
2025-05-01T21:55:07.809162,OperationalExpenditure,1041,1034,CREATE,5729,SUCCESS,
2025-05-01T21:55:08.012283,OperationalExpenditure,1042,1035,CREATE,5702,SUCCESS,
2025-05-01T21:55:08.184158,OperationalExpenditure,1043,1036,CREATE,5715,SUCCESS,
2025-05-01T21:55:08.371658,OperationalExpenditure,1044,1037,CREATE,5768,SUCCESS,
2025-05-01T21:55:08.574783,OperationalExpenditure,1045,1038,CREATE,5674,SUCCESS,
2025-05-01T21:55:08.746662,OperationalExpenditure,1046,1039,CREATE,5677,SUCCESS,
2025-05-01T21:55:08.887283,OperationalExpenditure,1047,1040,CREATE,5461,SUCCESS,
2025-05-01T21:55:09.027908,OperationalExpenditure,1048,1041,CREATE,5734,SUCCESS,
2025-05-01T21:55:09.184113,OperationalExpenditure,1049,1042,CREATE,5797,SUCCESS,
2025-05-01T21:55:09.371658,OperationalExpenditure,1050,1043,CREATE,5716,SUCCESS,
2025-05-01T21:55:09.527908,OperationalExpenditure,1051,1044,CREATE,5745,SUCCESS,
2025-05-01T21:55:09.699721,OperationalExpenditure,1052,1045,CREATE,5713,SUCCESS,
2025-05-01T21:55:09.871656,OperationalExpenditure,1053,1046,CREATE,5647,SUCCESS,
2025-05-01T21:55:10.059164,OperationalExpenditure,1054,1047,CREATE,5714,SUCCESS,
2025-05-01T21:55:10.231033,OperationalExpenditure,1055,1048,CREATE,5746,SUCCESS,
2025-05-01T21:55:10.387283,OperationalExpenditure,1056,1049,CREATE,5794,SUCCESS,
2025-05-01T21:55:10.543534,OperationalExpenditure,1057,1050,CREATE,5773,SUCCESS,
2025-05-01T21:55:10.699783,OperationalExpenditure,1058,1051,CREATE,5743,SUCCESS,
2025-05-01T21:55:10.856034,OperationalExpenditure,1059,1052,CREATE,5847,SUCCESS,
2025-05-01T21:55:11.027908,OperationalExpenditure,1060,1053,CREATE,5476,SUCCESS,
2025-05-01T21:55:11.184164,OperationalExpenditure,1061,1054,CREATE,5465,SUCCESS,
2025-05-01T21:55:11.387283,OperationalExpenditure,1062,1055,CREATE,5500,SUCCESS,
2025-05-01T21:55:11.543471,OperationalExpenditure,1063,1056,CREATE,5747,SUCCESS,
2025-05-01T21:55:11.699783,OperationalExpenditure,1064,1057,CREATE,5649,SUCCESS,
2025-05-01T21:55:11.840407,OperationalExpenditure,1065,1058,CREATE,5755,SUCCESS,
2025-05-01T21:55:12.074712,OperationalExpenditure,1066,1059,CREATE,5818,SUCCESS,
2025-05-01T21:55:12.277907,OperationalExpenditure,1067,1060,CREATE,5787,SUCCESS,
2025-05-01T21:55:12.496657,OperationalExpenditure,1068,1061,CREATE,5825,SUCCESS,
2025-05-01T21:55:12.731032,OperationalExpenditure,1069,1062,CREATE,5880,SUCCESS,
2025-05-01T21:55:12.965361,OperationalExpenditure,1070,1063,CREATE,5929,SUCCESS,
2025-05-01T21:55:13.137211,OperationalExpenditure,1071,1064,CREATE,5757,SUCCESS,
2025-05-01T21:55:13.277908,OperationalExpenditure,1072,1065,CREATE,5845,SUCCESS,
2025-05-01T21:55:13.449720,OperationalExpenditure,1073,1066,CREATE,5826,SUCCESS,
2025-05-01T21:55:13.621658,OperationalExpenditure,1074,1067,CREATE,5819,SUCCESS,
2025-05-01T21:55:13.777908,OperationalExpenditure,1075,1068,CREATE,5807,SUCCESS,
2025-05-01T21:55:13.918533,OperationalExpenditure,1076,1069,CREATE,5947,SUCCESS,
2025-05-01T21:55:14.106033,OperationalExpenditure,1077,1070,CREATE,5913,SUCCESS,
2025-05-01T21:55:14.309161,OperationalExpenditure,1078,1071,CREATE,5850,SUCCESS,
2025-05-01T21:55:14.543533,OperationalExpenditure,1079,1072,CREATE,5836,SUCCESS,
2025-05-01T21:55:14.730970,OperationalExpenditure,1080,1073,CREATE,5775,SUCCESS,
2025-05-01T21:55:14.918533,OperationalExpenditure,1081,1074,CREATE,5754,SUCCESS,
2025-05-01T21:55:15.074790,OperationalExpenditure,1082,1075,CREATE,5837,SUCCESS,
2025-05-01T21:55:15.231033,OperationalExpenditure,1083,1076,CREATE,5909,SUCCESS,
