[{"model": "handler.employee_regular", "pk": 1, "fields": {"name": "SANKAR CHOWDHURY ", "image": "static/pics/IMG-20200927-WA0017.jpg", "nid": "00534020136", "mobile": "01832829921", "account": "00534020136", "Email": "", "address": "Inspecta Bangladesh Limited "}}, {"model": "handler.employee_regular", "pk": 2, "fields": {"name": "MD.AL MASUD", "image": "default_image.jpg", "nid": "00534019942", "mobile": "01708496163", "account": "8801708496163", "Email": "masud@gmail.com", "address": "Feni"}}, {"model": "handler.employee_regular", "pk": 3, "fields": {"name": "MD.SHAH JAMAL", "image": "default_image.jpg", "nid": "00534019940", "mobile": "01708496164", "account": "8801708496163", "Email": "shah.jamal@gmail.com", "address": "Feni"}}, {"model": "handler.employee_regular", "pk": 4, "fields": {"name": "RABIUL ALAM", "image": "default_image.jpg", "nid": "00534020783", "mobile": "01708496161", "account": "01708496161", "Email": "rabiul@gmail.com", "address": "Chokoria"}}, {"model": "handler.employee_regular", "pk": 5, "fields": {"name": "MD.ABIRUL ISLAM", "image": "default_image.jpg", "nid": "00534020766", "mobile": "01708496162", "account": "01708496162", "Email": "abirul@gmail.com", "address": "Feni"}}, {"model": "handler.employee_regular", "pk": 6, "fields": {"name": "MD.KHURSHID ALAM", "image": "default_image.jpg", "nid": "00534019926", "mobile": "01708496157", "account": "01708496157", "Email": "khurshid.alam@gmail.com", "address": "Agrabad"}}, {"model": "handler.employee_regular", "pk": 7, "fields": {"name": "KAZI LIPAN HOSSAIN", "image": "default_image.jpg", "nid": "00534019342", "mobile": "01708496158", "account": "01708496158", "Email": "lipan.hossain@inspectabd.com", "address": "Inspecta"}}, {"model": "handler.employee_regular", "pk": 8, "fields": {"name": "MD.OMUR FARUK", "image": "default_image.jpg", "nid": "00534019811", "mobile": "01708496160", "account": "01708496160", "Email": "faruk@inspectabd.com", "address": "Inspecta"}}, {"model": "handler.employee_regular", "pk": 9, "fields": {"name": "RAJU AHMED", "image": "default_image.jpg", "nid": "00534021188", "mobile": "01713754998", "account": "01713754998", "Email": "raju@gmail.com", "address": "Inspecta"}}, {"model": "handler.employee_regular", "pk": 10, "fields": {"name": "MRINAL KANTI SARKER", "image": "default_image.jpg", "nid": "00534020144", "mobile": "01713754996", "account": "01713754996", "Email": "mrinal.sarker@gmail.com", "address": "Inspecta"}}, {"model": "handler.employee_regular", "pk": 11, "fields": {"name": "MD.NAWSHAD ALI", "image": "default_image.jpg", "nid": "00534020137", "mobile": "01713754995", "account": "01713754995", "Email": "nawshad.ali@gmail.com", "address": "Inspecta"}}, {"model": "handler.employee_regular", "pk": 12, "fields": {"name": "SANKAR CHOWDHURY", "image": "default_image.jpg", "nid": "00534020136", "mobile": "01713754997", "account": "01713754997", "Email": "sankar.chowdhury@gmail.com", "address": "Inspecta"}}, {"model": "handler.employee_regular", "pk": 13, "fields": {"name": "MONIRUZZAMAN MONI ", "image": "default_image.jpg", "nid": "053", "mobile": "+8801708496155", "account": "+8801708496155", "Email": "moniruzzaman.moni@inspectabd.com", "address": "69, Agrabad"}}, {"model": "handler.employee_regular", "pk": 14, "fields": {"name": "MD MAFIZUR RAHMAN ", "image": "default_image.jpg", "nid": "00534021533", "mobile": "018230003691", "account": "018230003691", "Email": "mafiz@gmail.com", "address": "Uttar Kattali, Chattogram"}}, {"model": "handler.employee_regular", "pk": 15, "fields": {"name": "MD AL AMIN ", "image": "default_image.jpg", "nid": "00534022021", "mobile": "016736624423", "account": "9823234424", "Email": "alamin@gmail.com", "address": "chittgaong "}}, {"model": "handler.employee_regular", "pk": 16, "fields": {"name": "MIR MONOWAR HOSSAIN", "image": "default_image.jpg", "nid": "8651372834", "mobile": "01708496159", "account": "01716565422", "Email": "monowar.hossain@inspecta.com", "address": "Chattogram"}}, {"model": "handler.employee_regular", "pk": 17, "fields": {"name": "MD. JOBAIR NOOR RAKIB", "image": "default_image.jpg", "nid": "1917924589", "mobile": "+8801713755002", "account": "+8801713755002", "Email": "", "address": "Shitakunda, Chattogram"}}, {"model": "handler.employee_regular", "pk": 18, "fields": {"name": "ATIKUR RAHAMAN", "image": "default_image.jpg", "nid": "1021120", "mobile": "01848080876", "account": "01848080876", "Email": "atik@gmal.com", "address": "ibl"}}, {"model": "handler.employee_regular", "pk": 19, "fields": {"name": "TUSHAR CHOUDHURY", "image": "default_image.jpg", "nid": "19901592828000415 12", "mobile": "01721301633 1", "account": "01721301633 1", "Email": "tusharchy@gmail.com", "address": "Ctg"}}, {"model": "handler.employee_regular", "pk": 20, "fields": {"name": "FARHAD HOSSAIN SHUVO", "image": "default_image.jpg", "nid": "7751856645", "mobile": "01577123456", "account": "01577123456", "Email": "Far123@gmail.com", "address": "Dhaka"}}, {"model": "handler.employee_regular", "pk": 21, "fields": {"name": "IMAM HOSSAIN RAYHAN", "image": "default_image.jpg", "nid": "7756548524", "mobile": "01558123456", "account": "01558123456", "Email": "imam123@gmail.com", "address": "Dhaka"}}, {"model": "handler.employee_regular", "pk": 22, "fields": {"name": "MD ABDUL HAQUE FARHAD", "image": "default_image.jpg", "nid": "9567568520", "mobile": "01582123456", "account": "01582123456", "Email": "abdul123@gmail.com", "address": "Dhaka"}}]