timestamp,old_pk,new_pk,action,name,status,error
2025-05-01T14:43:07.650273,2,1155,CREATE,SALAUDDIN 2,SUCCESS,
2025-05-01T14:43:07.837773,3,1156,CREATE,MD RAJIB,SUCCESS,
2025-05-01T14:43:08.025273,4,1157,CREATE,Sree Sreepati Das,SUCCESS,
2025-05-01T14:43:08.197148,5,1158,CREATE,MD Mohiuddin Kutubi Mofiz,SUCCESS,
2025-05-01T14:43:08.415829,6,1159,CREATE,GAZI ASHRAFUL ,SUCCESS,
2025-05-01T14:43:08.603335,7,1160,CREATE,MD ARIF,SUCCESS,
2025-05-01T14:43:08.790899,8,1161,CREATE,MD Omar faruk,SUCCESS,
2025-05-01T14:43:08.994024,9,1162,CREATE,Md Mafizur Rahman,SUCCESS,
2025-05-01T14:43:09.197148,10,1163,CREATE,MD.SAIFUL ISLAM BADAL,SUCCESS,
2025-05-01T14:43:09.400273,11,1164,CREATE,Md Mothin Hossan,SUCCESS,
2025-05-01T14:43:09.665898,12,1165,CREATE,Read Hossain,SUCCESS,
2025-05-01T14:43:09.869023,13,1166,CREATE,JIYABUL HOQUE,SUCCESS,
2025-05-01T14:43:10.087774,14,1167,CREATE,Kutub Uddin,SUCCESS,
2025-05-01T14:43:10.275273,15,1168,CREATE,Masud Rana,SUCCESS,
2025-05-01T14:43:10.509575,16,1169,CREATE,ABDUL HANIF,SUCCESS,
2025-05-01T14:43:10.728399,17,1170,CREATE,Sheik Kamal Uddin Liton,SUCCESS,
2025-05-01T14:43:10.931523,18,1171,CREATE,MD JOY,SUCCESS,
2025-05-01T14:43:11.150273,19,1172,CREATE,MD ABDUL JALIL,SUCCESS,
2025-05-01T14:43:11.353399,20,1173,CREATE,Md Abdul Haque Farhad,SUCCESS,
2025-05-01T14:43:11.556524,21,1174,CREATE,Mohammed Nur E Alam Khan,SUCCESS,
2025-05-01T14:43:11.759649,22,1175,CREATE,Suman Shill,SUCCESS,
2025-05-01T14:43:12.087771,23,1176,CREATE,Mahmudul Hasan Rana,SUCCESS,
2025-05-01T14:43:12.322147,24,1177,CREATE,AMZAD HOSSAIN,SUCCESS,
2025-05-01T14:43:12.525272,25,1178,CREATE,IMRAN HOSSAN RANA,SUCCESS,
2025-05-01T14:43:12.712772,26,1179,CREATE,IMAM HOSSAIN RAYAN,SUCCESS,
2025-05-01T14:43:12.915896,27,1180,CREATE,Sarwar Rajib,SUCCESS,
2025-05-01T14:43:13.134647,28,1181,CREATE,Iqbal Hossain,SUCCESS,
2025-05-01T14:43:13.369021,29,1182,CREATE,Md Ataur Rahman Rakib,SUCCESS,
2025-05-01T14:43:13.587772,30,1183,CREATE,MD SHAHIDULLAH,SUCCESS,
2025-05-01T14:43:13.759648,31,1184,CREATE,Md Faruk Molla,SUCCESS,
2025-05-01T14:43:13.978399,32,1185,CREATE,Md Shanto,SUCCESS,
2025-05-01T14:43:13.978399,33,,CREATE/UPDATE,Md Mir Hossen Parves,FAILED,UNIQUE constraint failed: employees_employee.nid
2025-05-01T14:43:13.993959,34,,CREATE/UPDATE,Md Ashik,FAILED,UNIQUE constraint failed: employees_employee.nid
2025-05-01T14:43:14.181523,35,1186,CREATE,Ranjit Lode,SUCCESS,
2025-05-01T14:43:14.369023,36,1187,CREATE,Nandon Lode,SUCCESS,
2025-05-01T14:43:14.556523,37,1188,CREATE,Abdul Kader,SUCCESS,
2025-05-01T14:43:14.744024,38,1189,CREATE,Khondokar Shahriar Hassan,SUCCESS,
2025-05-01T14:43:14.931523,39,1190,CREATE,MD FARHAD HOSSAIN SHOVO,SUCCESS,
2025-05-01T14:43:15.119023,40,1191,CREATE,MD JOHIRUL ISLAM ,SUCCESS,
2025-05-01T14:43:15.306524,41,1192,CREATE,MD.Uzzal Ahmed,SUCCESS,
2025-05-01T14:43:15.478398,42,1193,CREATE,Md Ziaul Haq,SUCCESS,
2025-05-01T14:43:15.665898,43,1194,CREATE,Md. Monowar Hossain Khan Bappy,SUCCESS,
2025-05-01T14:43:15.853399,44,1195,CREATE,Mohammed Asaduzzaman Polash,SUCCESS,
2025-05-01T14:43:16.040899,45,1196,CREATE,Kamruzzaman Pervez,SUCCESS,
2025-05-01T14:43:16.228398,46,1197,CREATE,MD. MOHIUDDIN,SUCCESS,
2025-05-01T14:43:16.431528,47,1198,CREATE,MD.GOLAM KIBRIA SALIM,SUCCESS,
2025-05-01T14:43:16.619126,48,1199,CREATE,MD KAMRUL ISLAM,SUCCESS,
2025-05-01T14:43:16.806661,49,1200,CREATE,Md Reju Mia,SUCCESS,
2025-05-01T14:43:16.806661,50,,CREATE/UPDATE,Shahadat Hossen Raju,FAILED,UNIQUE constraint failed: employees_employee.nid
2025-05-01T14:43:16.978678,51,1201,CREATE,Tushar Chowdhury,SUCCESS,
2025-05-01T14:43:17.150553,52,1202,CREATE,MD JAKER ,SUCCESS,
2025-05-01T14:43:17.338053,53,1203,CREATE,Khalid,SUCCESS,
2025-05-01T14:43:17.338053,54,,CREATE/UPDATE,MD Riyad,FAILED,UNIQUE constraint failed: employees_employee.nid
2025-05-01T14:43:17.525552,55,1204,CREATE,Jahangir Alom,SUCCESS,
2025-05-01T14:43:17.713053,56,1205,CREATE,Md Mahbub Santo,SUCCESS,
2025-05-01T14:43:17.931802,57,1206,CREATE,Tahedul Islam,SUCCESS,
2025-05-01T14:43:18.134927,58,1207,CREATE,Dipak Kumar,SUCCESS,
2025-05-01T14:43:18.134927,59,,CREATE/UPDATE,Md Harun,FAILED,UNIQUE constraint failed: employees_employee.nid
2025-05-01T14:43:18.134927,60,,CREATE/UPDATE,MD Bijoy,FAILED,UNIQUE constraint failed: employees_employee.nid
2025-05-01T14:43:18.338053,61,1208,CREATE,Md Jhony,SUCCESS,
2025-05-01T14:43:18.525553,62,1209,CREATE,Syedul Haque,SUCCESS,
2025-05-01T14:43:18.713053,63,1210,CREATE,Akij Sheikh,SUCCESS,
2025-05-01T14:43:18.931802,64,1211,CREATE,MOHAMMED ARIF ,SUCCESS,
2025-05-01T14:43:19.150553,65,1212,CREATE,MITHUN PRAMANIK,SUCCESS,
2025-05-01T14:43:19.353681,66,1213,CREATE,Md Jubaer Molla,SUCCESS,
2025-05-01T14:43:19.541178,67,1214,CREATE,MD TOWASIN,SUCCESS,
2025-05-01T14:43:19.744302,68,1215,CREATE,Ismail Shikder,SUCCESS,
2025-05-01T14:43:19.947428,69,1216,CREATE,Md Rasel Molla,SUCCESS,
2025-05-01T14:43:20.150553,70,1217,CREATE,Md Faisal,SUCCESS,
2025-05-01T14:43:20.166152,71,,CREATE/UPDATE,Tahirul Islam,FAILED,UNIQUE constraint failed: employees_employee.nid
2025-05-01T14:43:20.338053,72,1218,CREATE,MD MEHEDI HASAN JEKI,SUCCESS,
2025-05-01T14:43:20.525553,73,1219,CREATE,MD ALOM PATOWARY,SUCCESS,
2025-05-01T14:43:20.791178,74,1220,CREATE,MD ABDUL KAIUM ANIK,SUCCESS,
2025-05-01T14:43:21.025553,75,1221,CREATE,MD SHOROV HOSSAIN,SUCCESS,
2025-05-01T14:43:21.291178,76,1222,CREATE,Sabbir Ahmed Rockxy,SUCCESS,
2025-05-01T14:43:21.509929,77,1223,CREATE,Saiful Islam Babul,SUCCESS,
2025-05-01T14:43:21.697428,78,1224,CREATE,Swadesh Roy,SUCCESS,
2025-05-01T14:43:21.900554,79,1225,CREATE,Md Rasel,SUCCESS,
2025-05-01T14:43:22.259928,80,1226,CREATE,Sarwar Hossain,SUCCESS,
2025-05-01T14:43:22.478678,81,1227,CREATE,Talha Ibne Harun,SUCCESS,
2025-05-01T14:43:22.666178,82,1228,CREATE,MD JAHID ,SUCCESS,
2025-05-01T14:43:22.931803,83,1229,CREATE,Genius Shaikh,SUCCESS,
2025-05-01T14:43:23.134928,84,1230,CREATE,Kajal Das,SUCCESS,
2025-05-01T14:43:23.353678,85,1231,CREATE,MD Hasan,SUCCESS,
2025-05-01T14:43:23.572428,86,1232,CREATE,Delowar Hossain,SUCCESS,
2025-05-01T14:43:23.806803,87,1233,CREATE,Omar Faruk Bijoy,SUCCESS,
2025-05-01T14:43:24.041179,88,1234,CREATE,Abu Hanif,SUCCESS,
2025-05-01T14:43:24.275553,89,1235,CREATE,Salauddin 3,SUCCESS,
2025-05-01T14:43:24.463054,90,1236,CREATE,MD RIAZ,SUCCESS,
2025-05-01T14:43:24.666177,91,1237,CREATE,Md Nuruddin,SUCCESS,
2025-05-01T14:43:24.869303,92,1238,CREATE,Md Shimul,SUCCESS,
2025-05-01T14:43:25.072428,93,1239,CREATE,MD ABDUL MOTIN,SUCCESS,
2025-05-01T14:43:25.072428,94,,CREATE/UPDATE,MD JONY,FAILED,UNIQUE constraint failed: employees_employee.nid
2025-05-01T14:43:25.275553,95,1240,CREATE,Md Nazmul,SUCCESS,
2025-05-01T14:43:25.463053,96,1241,CREATE,Jabed Khan,SUCCESS,
2025-05-01T14:43:25.634928,97,1242,CREATE,Md Rubel,SUCCESS,
2025-05-01T14:43:25.838053,98,1243,CREATE,Md. Motaleb Hosain,SUCCESS,
2025-05-01T14:43:26.072429,99,1244,CREATE,Md Jamal,SUCCESS,
2025-05-01T14:43:26.259928,100,1245,CREATE,Mahmudul Hasan Rubel,SUCCESS,
2025-05-01T14:43:26.447428,101,1246,CREATE,Ikram Hossain,SUCCESS,
2025-05-01T14:43:26.619303,102,1247,CREATE,Md Mohiuddin,SUCCESS,
2025-05-01T14:43:26.791178,103,1248,CREATE,Tanmoy Kumar,SUCCESS,
2025-05-01T14:43:26.994303,104,1249,CREATE,Md Sohel Molla,SUCCESS,
2025-05-01T14:43:27.244303,105,1250,CREATE,ALIP ROY,SUCCESS,
2025-05-01T14:43:27.556803,106,1251,CREATE,Ripon Sen,SUCCESS,
2025-05-01T14:43:27.775553,107,1252,CREATE,Md Masum Sheikh,SUCCESS,
2025-05-01T14:43:27.978608,108,1253,CREATE,RABBY SHEIKH,SUCCESS,
2025-05-01T14:43:28.150553,109,1254,CREATE,YUNUS MOLLA,SUCCESS,
2025-05-01T14:43:28.353677,110,1255,CREATE,ANNDIO PRAMANIK,SUCCESS,
2025-05-01T14:43:28.572428,111,1256,CREATE,MD ELIAS,SUCCESS,
2025-05-01T14:43:28.775482,112,1257,CREATE,MD SHOWKAT,SUCCESS,
2025-05-01T14:43:28.775482,113,,CREATE/UPDATE,MD Toaasin,FAILED,UNIQUE constraint failed: employees_employee.nid
2025-05-01T14:43:28.978678,114,1258,CREATE,MD OMAR FARUK (NEW),SUCCESS,
2025-05-01T14:43:29.166178,115,1259,CREATE,Sadekul Alam,SUCCESS,
2025-05-01T14:43:29.353678,116,1260,CREATE,MD MAMUN UR RASHID,SUCCESS,
2025-05-01T14:43:29.572428,117,1261,CREATE,MD ISTIAK UDDIN ,SUCCESS,
2025-05-01T14:43:29.775554,118,1262,CREATE,MAINUL ISLAM AIMAN ,SUCCESS,
2025-05-01T14:43:29.978679,119,1263,CREATE,MD.SHAH PORAN,SUCCESS,
2025-05-01T14:43:30.181803,120,1264,CREATE,MD.SAIFUL ISLAM TITON,SUCCESS,
2025-05-01T14:43:30.400553,121,1265,CREATE,MD.SHAFAYAT UDDIN,SUCCESS,
2025-05-01T14:43:30.588052,122,1266,CREATE,MD.SALIM,SUCCESS,
2025-05-01T14:43:30.775553,123,1267,CREATE,MD.JONAYED ALAM,SUCCESS,
2025-05-01T14:43:30.994303,124,1268,CREATE,MD.HOSSAIN,SUCCESS,
2025-05-01T14:43:31.181802,125,1269,CREATE,MIZAN,SUCCESS,
2025-05-01T14:43:31.384929,126,1270,CREATE,AZIZUR RAHMAN,SUCCESS,
2025-05-01T14:43:31.588054,127,1271,CREATE,ZAINAL ABIDIN KABIR ,SUCCESS,
2025-05-01T14:43:31.775553,128,1272,CREATE,MD.SAZADUL RAHMAN SAJOL,SUCCESS,
2025-05-01T14:43:32.056803,129,1273,CREATE,MAHABUBUR RAHMAN RONY,SUCCESS,
2025-05-01T14:43:32.291178,130,1274,CREATE,MD.RAKIB TALUKDER,SUCCESS,
2025-05-01T14:43:32.509928,131,1275,CREATE,MD. AMINUR RAHMAN,SUCCESS,
2025-05-01T14:43:32.728678,132,1276,CREATE,RAMZAN GAZI,SUCCESS,
2025-05-01T14:43:32.947429,133,1277,CREATE,AZIZUL HAKIM,SUCCESS,
2025-05-01T14:43:33.150552,134,1278,CREATE,MD SALIM MOLLA ,SUCCESS,
2025-05-01T14:43:33.322428,135,1279,CREATE,DIPTO SARKAR,SUCCESS,
2025-05-01T14:43:33.556803,136,1280,CREATE,MD.REAZ-2,SUCCESS,
2025-05-01T14:43:33.759927,137,1281,CREATE,MD.TOUHID,SUCCESS,
2025-05-01T14:43:33.978607,138,1282,CREATE,MD.SAYEM,SUCCESS,
2025-05-01T14:43:34.213053,139,1283,CREATE,MD.ARAFAT,SUCCESS,
2025-05-01T14:43:34.416177,140,1284,CREATE,MD.MOHSIN,SUCCESS,
2025-05-01T14:43:34.619303,141,1285,CREATE,SOHAG SHAIKH SHANTO,SUCCESS,
2025-05-01T14:43:34.838053,142,1286,CREATE,KARTICK PAUL,SUCCESS,
2025-05-01T14:43:35.041107,143,1287,CREATE,MD.FARUK-2,SUCCESS,
2025-05-01T14:43:35.213052,144,1288,CREATE,RABBEY SHEAIKH,SUCCESS,
2025-05-01T14:43:35.400553,145,1289,CREATE,MD.KALAM,SUCCESS,
2025-05-01T14:43:35.603678,146,1290,CREATE,MD ONIK ,SUCCESS,
2025-05-01T14:43:35.806804,147,1291,CREATE,MD RAJON ,SUCCESS,
2025-05-01T14:43:36.009929,148,1292,CREATE,MD.NAZMUL HASAN,SUCCESS,
2025-05-01T14:43:36.197427,149,1293,CREATE,MEHEDI HASAN,SUCCESS,
2025-05-01T14:43:36.400553,150,1294,CREATE,MD.SHAFIKUL ALAM FOYSAL,SUCCESS,
2025-05-01T14:43:36.588054,151,1295,CREATE,MD.NIZAM UDDIN,SUCCESS,
2025-05-01T14:43:36.775554,152,1296,CREATE,MD.PARVES,SUCCESS,
2025-05-01T14:43:36.978677,153,1297,CREATE,NIHAR NATH,SUCCESS,
2025-05-01T14:43:37.166177,154,1298,CREATE,MD.DELOWER,SUCCESS,
2025-05-01T14:43:37.384929,155,1299,CREATE,MD.MAMUNUR RASHID,SUCCESS,
2025-05-01T14:43:37.603677,156,1300,CREATE,RANJAN CHOWDHURY,SUCCESS,
2025-05-01T14:43:37.806803,157,1301,CREATE,MD.ATHIKUR RAHMAN RAJ,SUCCESS,
2025-05-01T14:43:38.041178,158,1302,CREATE,MD.SOLEMAN,SUCCESS,
2025-05-01T14:43:38.259928,159,1303,CREATE,ABU HANIF,SUCCESS,
2025-05-01T14:43:38.447428,160,1304,CREATE,SANTO LOSKOR,SUCCESS,
2025-05-01T14:43:38.619304,161,1305,CREATE,RAFIQUL ISLAM,SUCCESS,
2025-05-01T14:43:38.791181,162,1306,CREATE,FOISAL SHAIKH - SAIKAT ,SUCCESS,
2025-05-01T14:43:38.978678,163,1307,CREATE,ABDUL RAZZAK MOLLA ,SUCCESS,
2025-05-01T14:43:39.197428,164,1308,CREATE,MD.ALAMGIR HOSSIEN,SUCCESS,
2025-05-01T14:43:39.384858,165,1309,CREATE,MD.SHAKIL,SUCCESS,
2025-05-01T14:43:39.384858,166,,CREATE/UPDATE,MD.NAZRUL,FAILED,UNIQUE constraint failed: employees_employee.nid
2025-05-01T14:43:39.588053,167,1310,CREATE,TAHEDUL BISWAS,SUCCESS,
2025-05-01T14:43:39.775554,168,1311,CREATE,RASEL KHAN,SUCCESS,
2025-05-01T14:43:39.978609,169,1312,CREATE,MD.JAKIR KHAN,SUCCESS,
2025-05-01T14:43:40.197429,170,1313,CREATE,DILIP SARKAR,SUCCESS,
2025-05-01T14:43:40.384901,171,1314,CREATE,MD.MANNAN KHAN,SUCCESS,
2025-05-01T14:43:40.619302,172,1315,CREATE,FARHAD HOSSAIN SHUVO,SUCCESS,
2025-05-01T14:43:40.619302,173,,CREATE/UPDATE,SAFAYET UDDIN,FAILED,UNIQUE constraint failed: employees_employee.nid
2025-05-01T14:43:40.806803,174,1316,CREATE,MD RAYHAN ,SUCCESS,
2025-05-01T14:43:40.978677,175,1317,CREATE,MD SHAHIDULLAH ,SUCCESS,
2025-05-01T14:43:41.181803,176,1318,CREATE,MD.ABDUL MOMIN,SUCCESS,
2025-05-01T14:43:41.353677,177,1319,CREATE,MD AMIR HOSSAIN,SUCCESS,
2025-05-01T14:43:41.556803,178,1320,CREATE,MD RUBEL,SUCCESS,
2025-05-01T14:43:41.759928,179,1321,CREATE,MD.ALAMGIR,SUCCESS,
2025-05-01T14:43:41.963053,180,1322,CREATE,MD.JAMIR,SUCCESS,
2025-05-01T14:43:42.259928,181,1323,CREATE,UZZAL DAS,SUCCESS,
2025-05-01T14:43:42.494447,182,1324,CREATE,SADDAM HOSSAIN,SUCCESS,
2025-05-01T14:43:42.681947,183,1325,CREATE,MD.RONI,SUCCESS,
2025-05-01T14:43:42.900624,184,1326,CREATE,MD BIPUL,SUCCESS,
2025-05-01T14:43:43.119448,185,1327,CREATE,MD MONCHUR ALAM ,SUCCESS,
2025-05-01T14:43:43.385213,186,1328,CREATE,MD ABDUL MOTIN ,SUCCESS,
2025-05-01T14:43:43.619588,187,1329,CREATE,MD.ABUL HASNAT RONI,SUCCESS,
2025-05-01T14:43:43.853964,188,1330,CREATE,MD. RIAZ,SUCCESS,
2025-05-01T14:43:44.057089,189,1331,CREATE,MOBARAK HOSSAIN ROBAYET,SUCCESS,
2025-05-01T14:43:44.260213,190,1332,CREATE,MUNNA AHMED ,SUCCESS,
2025-05-01T14:43:44.463338,191,1333,CREATE,MD.LEMON GAZI,SUCCESS,
2025-05-01T14:43:44.697713,192,1334,CREATE,MD.SHOHAN MOROL ,SUCCESS,
2025-05-01T14:43:44.900776,193,1335,CREATE,ARAFAT SHAIKH,SUCCESS,
2025-05-01T14:43:45.150838,194,1336,CREATE,PAPON SARKAR,SUCCESS,
2025-05-01T14:43:45.353963,195,1337,CREATE,MD.RABBY SHEAIKH,SUCCESS,
2025-05-01T14:43:45.572713,196,1338,CREATE,NUR HOSSAIN,SUCCESS,
2025-05-01T14:43:45.822716,197,1339,CREATE,VANU DAS ,SUCCESS,
2025-05-01T14:43:46.041464,198,1340,CREATE,MD.MONIRUZZAMAN,SUCCESS,
2025-05-01T14:43:46.244588,199,1341,CREATE,KAMALUDDIN,SUCCESS,
2025-05-01T14:43:46.244588,200,,CREATE/UPDATE,MD.SHAIFUL ISLAM,FAILED,UNIQUE constraint failed: employees_employee.nid
2025-05-01T14:43:46.416463,201,1342,CREATE,MD.OMAR FARUQUE,SUCCESS,
2025-05-01T14:43:46.619589,202,1343,CREATE,MEHEDI HASAN JISAN,SUCCESS,
2025-05-01T14:43:46.822715,203,1344,CREATE,ABDUL GAFUR FAHIM ,SUCCESS,
2025-05-01T14:43:47.010213,204,1345,CREATE,TONMOY KOR,SUCCESS,
2025-05-01T14:43:47.182088,205,1346,CREATE,MD. BULBUL FAKIR,SUCCESS,
2025-05-01T14:43:47.369588,206,1347,CREATE,AL AMIN,SUCCESS,
2025-05-01T14:43:47.557088,207,1348,CREATE,MD GOLAM HOSSAIN KHOKON,SUCCESS,
2025-05-01T14:43:47.775838,208,1349,CREATE,MD MOONSUR ,SUCCESS,
2025-05-01T14:43:47.947716,209,1350,CREATE,MD MINHAZUL ISLAM ,SUCCESS,
2025-05-01T14:43:48.119588,210,1351,CREATE,MD RIPON ,SUCCESS,
2025-05-01T14:43:48.291463,211,1352,CREATE,SONJOY PRAMANIK ,SUCCESS,
2025-05-01T14:43:48.463338,212,1353,CREATE,MD AHSAN,SUCCESS,
2025-05-01T14:43:48.650838,213,1354,CREATE,MD MAHMUDUL KARIM ,SUCCESS,
2025-05-01T14:43:48.822714,214,1355,CREATE,MAHIN,SUCCESS,
2025-05-01T14:43:49.010213,215,1356,CREATE,RAHIM ,SUCCESS,
2025-05-01T14:43:49.213338,216,1357,CREATE,AMZAD HOSSAIN,SUCCESS,
2025-05-01T14:43:49.400766,217,1358,CREATE,MD BLUE MIAH ,SUCCESS,
2025-05-01T14:43:49.588338,218,1359,CREATE,MD. RAHMAT ULLAH RASEL,SUCCESS,
2025-05-01T14:43:49.775838,219,1360,CREATE,MD REZAON HOSSAIN RAZON ,SUCCESS,
2025-05-01T14:43:49.947713,220,1361,CREATE,MD.FORKAN HOSSAIN,SUCCESS,
2025-05-01T14:43:50.150839,221,1362,CREATE,SHARIFUZAMAN,SUCCESS,
2025-05-01T14:43:50.416463,222,1363,CREATE,NAYAN SHILL ,SUCCESS,
2025-05-01T14:43:50.650839,223,1364,CREATE,MD RAJON HOSEN ,SUCCESS,
2025-05-01T14:43:50.916464,224,1365,CREATE,YUNUS ,SUCCESS,
2025-05-01T14:43:51.103963,225,1366,CREATE,MD.OMOR,SUCCESS,
2025-05-01T14:43:51.291464,226,1367,CREATE,DEPAK KANTI  NATH,SUCCESS,
2025-05-01T14:43:51.478963,227,1368,CREATE,MD MUSA ,SUCCESS,
2025-05-01T14:43:51.682089,228,1369,CREATE,MD MURAD,SUCCESS,
2025-05-01T14:43:51.885213,229,1370,CREATE,PALASH ,SUCCESS,
2025-05-01T14:43:52.150783,230,1371,CREATE,MD RIPON,SUCCESS,
2025-05-01T14:43:52.353905,231,1372,CREATE,DELOWAR 2 ,SUCCESS,
2025-05-01T14:43:52.572833,232,1373,CREATE,MD RONY ,SUCCESS,
2025-05-01T14:43:52.730286,233,1374,CREATE,MD KAMAL ,SUCCESS,
2025-05-01T14:43:52.917819,234,1375,CREATE,SOMIR BABU,SUCCESS,
2025-05-01T14:43:52.933375,235,,CREATE/UPDATE,MD ATIK ,FAILED,UNIQUE constraint failed: employees_employee.nid
2025-05-01T14:43:53.136572,236,1376,CREATE,MD ELIAS 2,SUCCESS,
2025-05-01T14:43:53.339695,237,1377,CREATE,MD ZAHID ,SUCCESS,
2025-05-01T14:43:53.527196,238,1378,CREATE,MD.BELAL,SUCCESS,
2025-05-01T14:43:53.761570,239,1379,CREATE,AYON KHAN,SUCCESS,
2025-05-01T14:43:53.964695,240,1380,CREATE,MD.SALEM,SUCCESS,
2025-05-01T14:43:54.167820,241,1381,CREATE,MD.SOHEL,SUCCESS,
2025-05-01T14:43:54.402170,242,1382,CREATE,SAZZAD HOSSAIN OMAR,SUCCESS,
2025-05-01T14:43:54.636572,243,1383,CREATE,MD.MATIN,SUCCESS,
2025-05-01T14:43:54.855320,244,1384,CREATE,SRIKANTO,SUCCESS,
2025-05-01T14:43:55.058446,245,1385,CREATE,SAMIR BABU,SUCCESS,
2025-05-01T14:43:55.261569,246,1386,CREATE,TAREK ALAM,SUCCESS,
2025-05-01T14:43:55.443653,247,1387,CREATE,MD.MURAD,SUCCESS,
2025-05-01T14:43:55.631153,248,1388,CREATE,MD.ELEAS,SUCCESS,
2025-05-01T14:43:55.849903,249,1389,CREATE,MD.RAIHAN,SUCCESS,
2025-05-01T14:43:56.053028,250,1390,CREATE,SUJAN,SUCCESS,
2025-05-01T14:43:56.271779,251,1391,CREATE,MD.SHAWKAT,SUCCESS,
2025-05-01T14:43:56.490529,252,1392,CREATE,MD.REPON,SUCCESS,
2025-05-01T14:43:56.693654,253,1393,CREATE,KAJAL BABU,SUCCESS,
2025-05-01T14:43:56.912403,254,1394,CREATE,MD NAZMUL HASAN ,SUCCESS,
2025-05-01T14:43:57.194460,255,1395,CREATE,MD.ARAFAT HOSSAIN,SUCCESS,
2025-05-01T14:43:57.522584,256,1396,CREATE,SAJJAD HOSSAIN,SUCCESS,
2025-05-01T14:43:57.725709,257,1397,CREATE,ALOKE KUMAR SHILI,SUCCESS,
2025-05-01T14:43:57.897584,258,1398,CREATE,ROKIBUL ISLAM,SUCCESS,
2025-05-01T14:43:58.069460,259,1399,CREATE,SAKIBUL ISLAM RUPAI,SUCCESS,
2025-05-01T14:43:58.272585,260,1400,CREATE,DIPAK SARKER,SUCCESS,
2025-05-01T14:43:58.444459,261,1401,CREATE,SHAMIM HOSSAIN,SUCCESS,
2025-05-01T14:43:58.631960,262,1402,CREATE,MAMUN SHAIKH,SUCCESS,
2025-05-01T14:43:58.819459,263,1403,CREATE,MUSTAKEM,SUCCESS,
2025-05-01T14:43:58.991334,264,1404,CREATE,TASWAR RUBAYET,SUCCESS,
2025-05-01T14:43:59.178834,265,1405,CREATE,MEHEDI HASAN,SUCCESS,
2025-05-01T14:43:59.350709,266,1406,CREATE,MOMINUL ISLAM,SUCCESS,
2025-05-01T14:43:59.522585,267,1407,CREATE,RAJIB SARKAR,SUCCESS,
2025-05-01T14:43:59.694459,268,1408,CREATE,SOHEL MORAL,SUCCESS,
2025-05-01T14:43:59.881960,269,1409,CREATE,SAJIB PRAMANIK,SUCCESS,
2025-05-01T14:44:00.053834,270,1410,CREATE,MD.EMRAN SHARIF,SUCCESS,
2025-05-01T14:44:00.225710,271,1411,CREATE,MD.AHAD,SUCCESS,
2025-05-01T14:44:00.413209,272,1412,CREATE,MD.SOHEL,SUCCESS,
2025-05-01T14:44:00.616336,273,1413,CREATE,RASEL MORAL ,SUCCESS,
2025-05-01T14:44:00.788209,274,1414,CREATE,ASAD MOROL,SUCCESS,
2025-05-01T14:44:01.006960,275,1415,CREATE,RAIHAN CHOWDHURY ROHIT,SUCCESS,
2025-05-01T14:44:01.194459,276,1416,CREATE,KHONDAKER BIOZID,SUCCESS,
2025-05-01T14:44:01.397585,277,1417,CREATE,MINTU SHIL,SUCCESS,
2025-05-01T14:44:01.616334,278,1418,CREATE,MD. SHAFI,SUCCESS,
2025-05-01T14:44:01.819460,279,1419,CREATE,MD. REZAUL KARIM,SUCCESS,
2025-05-01T14:44:02.006960,280,1420,CREATE,MD. JOHURUL,SUCCESS,
2025-05-01T14:44:02.272585,281,1421,CREATE,MD. MONIR,SUCCESS,
2025-05-01T14:44:02.460083,282,1422,CREATE,MD. FAHIM,SUCCESS,
2025-05-01T14:44:02.663209,283,1423,CREATE,MD. BASHAR,SUCCESS,
2025-05-01T14:44:02.850709,284,1424,CREATE,MD. HASHIM,SUCCESS,
2025-05-01T14:44:03.053835,285,1425,CREATE,MD. NURUNNABI,SUCCESS,
2025-05-01T14:44:03.256960,286,1426,CREATE,MD. AMIR,SUCCESS,
2025-05-01T14:44:03.444459,287,1427,CREATE,ABDULLA AL MAMUN,SUCCESS,
2025-05-01T14:44:03.647585,288,1428,CREATE,TANVIR HASAN,SUCCESS,
2025-05-01T14:44:03.819460,289,1429,CREATE,ABID KHAN AYON,SUCCESS,
2025-05-01T14:44:04.006959,290,1430,CREATE,AMINUL HOQUE,SUCCESS,
2025-05-01T14:44:04.210085,291,1431,CREATE,MD. ROBIUL,SUCCESS,
2025-05-01T14:44:04.413210,292,1432,CREATE,MD. IMRAN HOSSAIN,SUCCESS,
2025-05-01T14:44:04.616336,293,1433,CREATE,SAZZAD HOSSAIN,SUCCESS,
2025-05-01T14:44:04.819460,294,1434,CREATE,MD. NAYEEM KHAN,SUCCESS,
2025-05-01T14:44:05.022584,295,1435,CREATE,BARUN SARKER,SUCCESS,
2025-05-01T14:44:05.210084,296,1436,CREATE,MD. MINTU ,SUCCESS,
2025-05-01T14:44:05.444460,297,1437,CREATE,SAJAL SHIKDER,SUCCESS,
2025-05-01T14:44:05.663211,298,1438,CREATE,MD. NUR ISLAM,SUCCESS,
2025-05-01T14:44:05.881959,299,1439,CREATE,OMAR FARUK TUHIN,SUCCESS,
2025-05-01T14:44:06.100709,300,1440,CREATE,MD. SHARIF,SUCCESS,
2025-05-01T14:44:06.303835,301,1441,CREATE,RANA DAS,SUCCESS,
2025-05-01T14:44:06.522585,302,1442,CREATE,MD. RIDWAN,SUCCESS,
2025-05-01T14:44:06.741334,303,1443,CREATE,MR. DILIP,SUCCESS,
2025-05-01T14:44:06.944459,304,1444,CREATE,MD. JABED,SUCCESS,
2025-05-01T14:44:07.131959,305,1445,CREATE,MD. SAIFUL,SUCCESS,
2025-05-01T14:44:07.350711,306,1446,CREATE,BABLU FOKIR,SUCCESS,
2025-05-01T14:44:07.569459,307,1447,CREATE,SAIFUL,SUCCESS,
2025-05-01T14:44:07.788138,308,1448,CREATE,RUBEL SHEIKH,SUCCESS,
2025-05-01T14:44:07.975710,309,1449,CREATE,MD.HALIM,SUCCESS,
2025-05-01T14:44:08.178834,310,1450,CREATE,MOHAMMAD ROBIUL,SUCCESS,
2025-05-01T14:44:08.350710,311,1451,CREATE,KAMRUL ISLAM,SUCCESS,
2025-05-01T14:44:08.553834,312,1452,CREATE,YOUNUS SHOHEL,SUCCESS,
2025-05-01T14:44:08.772584,313,1453,CREATE,PAPON DAS,SUCCESS,
2025-05-01T14:44:08.975709,314,1454,CREATE,RABAT,SUCCESS,
2025-05-01T14:44:09.163209,315,1455,CREATE,MIZANUR RAHMAN,SUCCESS,
2025-05-01T14:44:09.350711,316,1456,CREATE,JAHIDUL MOWLA,SUCCESS,
2025-05-01T14:44:09.569459,317,1457,CREATE,TOWHIDUL ISLAM,SUCCESS,
2025-05-01T14:44:09.756959,318,1458,CREATE,SAIFUR RAHMAN SHAWON,SUCCESS,
2025-05-01T14:44:09.928834,319,1459,CREATE,AZADUR RAHMAN,SUCCESS,
2025-05-01T14:44:10.100709,320,1460,CREATE,MD. SHAYED,SUCCESS,
2025-05-01T14:44:10.288209,321,1461,CREATE,SAJIB HOSSAIN,SUCCESS,
2025-05-01T14:44:10.491334,322,1462,CREATE,ABDUL MANNAN,SUCCESS,
2025-05-01T14:44:10.694460,323,1463,CREATE,MD. JAMIR UDDIN ,SUCCESS,
2025-05-01T14:44:10.897584,324,1464,CREATE,MD. SHAHIDUL ISLAM,SUCCESS,
2025-05-01T14:44:11.131890,325,1465,CREATE,MD. HELAL,SUCCESS,
2025-05-01T14:44:11.319455,326,1466,CREATE,OMAR FARUK 3,SUCCESS,
2025-05-01T14:44:11.506962,327,1467,CREATE,MD. KAMAL,SUCCESS,
2025-05-01T14:44:11.710084,328,1468,CREATE,SAJAL DAS,SUCCESS,
2025-05-01T14:44:11.991336,329,1469,CREATE,MD. HABIB,SUCCESS,
2025-05-01T14:44:12.413210,330,1470,CREATE,MD. RASHED,SUCCESS,
2025-05-01T14:44:12.647585,331,1471,CREATE,ABIR KHAN,SUCCESS,
2025-05-01T14:44:12.866335,332,1472,CREATE,MD. RIFAT,SUCCESS,
2025-05-01T14:44:13.053834,333,1473,CREATE,MD. SHOYAB,SUCCESS,
2025-05-01T14:44:13.272585,334,1474,CREATE,MOJAMMEL HOQUE,SUCCESS,
2025-05-01T14:44:13.444459,335,1475,CREATE,MD. SOHEL RANA,SUCCESS,
2025-05-01T14:44:13.631959,336,1476,CREATE,JAHANGIR ALOM,SUCCESS,
2025-05-01T14:44:13.835085,337,1477,CREATE,WOASI BIN HABIB,SUCCESS,
2025-05-01T14:44:14.038208,338,1478,CREATE,FAZFU MIAH,SUCCESS,
2025-05-01T14:44:14.194460,339,1479,CREATE,SAZZAD HOSSAN,SUCCESS,
2025-05-01T14:44:14.413210,340,1480,CREATE,MD. SUMON,SUCCESS,
2025-05-01T14:44:14.600710,341,1481,CREATE,SHAPAROUN SOHAG,SUCCESS,
2025-05-01T14:44:14.803834,342,1482,CREATE,MD. KARIM,SUCCESS,
2025-05-01T14:44:15.006960,343,1483,CREATE,MD. AYUB,SUCCESS,
2025-05-01T14:44:15.210087,344,1484,CREATE,ISHA MOLLAH,SUCCESS,
2025-05-01T14:44:15.413210,345,1485,CREATE,MD. SHOHEL,SUCCESS,
2025-05-01T14:44:15.600709,346,1486,CREATE,SHAH ALAM,SUCCESS,
2025-05-01T14:44:15.835085,347,1487,CREATE,MOIN UDDIN,SUCCESS,
2025-05-01T14:44:16.069387,348,1488,CREATE,MD. MEHRAJ,SUCCESS,
2025-05-01T14:44:16.256960,349,1489,CREATE,IMTIAZ HOSSAIN,SUCCESS,
2025-05-01T14:44:16.475710,350,1490,CREATE,MD. FARUK 3,SUCCESS,
2025-05-01T14:44:16.663209,351,1491,CREATE,MD. JAHIDUL MAWLA,SUCCESS,
2025-05-01T14:44:16.897584,352,1492,CREATE,MD. MAHADI HASAN,SUCCESS,
2025-05-01T14:44:17.116334,353,1493,CREATE,MD. ABU HANIF,SUCCESS,
2025-05-01T14:44:17.397585,354,1494,CREATE,RONY MIR,SUCCESS,
2025-05-01T14:44:17.600710,355,1495,CREATE,MD. IKLAZ HOSSEN,SUCCESS,
2025-05-01T14:44:17.803835,356,1496,CREATE,SADES BARUA,SUCCESS,
2025-05-01T14:44:18.022585,357,1497,CREATE,MOHAMMAD HASAN,SUCCESS,
2025-05-01T14:44:18.241334,358,1498,CREATE,MOHAMMAD RAISUL,SUCCESS,
2025-05-01T14:44:18.475709,359,1499,CREATE,MD. SHALAM,SUCCESS,
2025-05-01T14:44:18.694459,360,1500,CREATE,MOHAMMAD ELIAS,SUCCESS,
2025-05-01T14:44:18.866334,361,1501,CREATE,MOINUDDIN CISHTY,SUCCESS,
2025-05-01T14:44:19.069387,362,1502,CREATE,RAHAT,SUCCESS,
2025-05-01T14:44:19.288210,363,1503,CREATE,PARVAZ MOSARAF MONIR,SUCCESS,
2025-05-01T14:44:19.506963,364,1504,CREATE,MD. IMRAN,SUCCESS,
2025-05-01T14:44:19.710085,365,1505,CREATE,MD. EMON,SUCCESS,
2025-05-01T14:44:19.897584,366,1506,CREATE,MD. SHAHIN,SUCCESS,
2025-05-01T14:44:20.085084,367,1507,CREATE,TAPAN KUMAR,SUCCESS,
2025-05-01T14:44:20.256961,368,1508,CREATE,MAHADI HASAN NEW,SUCCESS,
2025-05-01T14:44:20.428835,369,1509,CREATE,FAISAL HOSSAIN,SUCCESS,
2025-05-01T14:44:20.616335,370,1510,CREATE,MD. OMAR FARUK 4,SUCCESS,
2025-05-01T14:44:20.803834,371,1511,CREATE,BABU SUN MARMA,SUCCESS,
2025-05-01T14:44:20.975710,372,1512,CREATE,MD. SAM SAIFUL ISLAM,SUCCESS,
2025-05-01T14:44:21.163209,373,1513,CREATE,SHEIKH RASEL,SUCCESS,
2025-05-01T14:44:21.350709,374,1514,CREATE,MD. MOSHARAF,SUCCESS,
2025-05-01T14:44:21.569460,375,1515,CREATE,MD. RAHMAN,SUCCESS,
2025-05-01T14:44:21.772585,376,1516,CREATE,MD. SAHADAT,SUCCESS,
2025-05-01T14:44:21.975710,377,1517,CREATE,MD. ZIA UDDIN AHMED BABAR ,SUCCESS,
2025-05-01T14:44:22.147589,378,1518,CREATE,SAIFUL SOHEL,SUCCESS,
2025-05-01T14:44:22.413210,379,1519,CREATE,KAZI RASEL,SUCCESS,
2025-05-01T14:44:22.600709,380,1520,CREATE,WAHID ALI,SUCCESS,
2025-05-01T14:44:22.788210,381,1521,CREATE,SUJAN CHANDRA DHAR,SUCCESS,
2025-05-01T14:44:23.006959,382,1522,CREATE,MD. RAKIB,SUCCESS,
2025-05-01T14:44:23.210089,383,1523,CREATE,MD. MILON,SUCCESS,
2025-05-01T14:44:23.381960,384,1524,CREATE,MD. JOHIRUL,SUCCESS,
2025-05-01T14:44:23.585085,385,1525,CREATE,NAJRUL ISLAM,SUCCESS,
2025-05-01T14:44:23.772584,386,1526,CREATE,MD. SAIFUL ALAM,SUCCESS,
2025-05-01T14:44:23.960084,387,1527,CREATE,MD. RUBEL MIAH,SUCCESS,
2025-05-01T14:44:24.147585,388,1528,CREATE,MD. LOKMAN HAKIM,SUCCESS,
2025-05-01T14:44:24.335084,389,1529,CREATE,PAVEL,SUCCESS,
2025-05-01T14:44:24.522586,390,1530,CREATE,SUVO DEY,SUCCESS,
2025-05-01T14:44:24.725709,391,1531,CREATE,SHODESH BABU,SUCCESS,
2025-05-01T14:44:24.913209,392,1532,CREATE,MD. SELIM,SUCCESS,
2025-05-01T14:44:25.116335,393,1533,CREATE,NUR AHMED,SUCCESS,
2025-05-01T14:44:25.303834,394,1534,CREATE,RAFIQUE UDDIN,SUCCESS,
2025-05-01T14:44:25.506959,395,1535,CREATE,AZHAR UDDIN,SUCCESS,
2025-05-01T14:44:25.694459,396,1536,CREATE,SHAID AHMED,SUCCESS,
2025-05-01T14:44:25.928834,397,1537,CREATE,MONIRUL ISLAM,SUCCESS,
2025-05-01T14:44:26.147726,398,1538,CREATE,KHALILUR RAHMAN,SUCCESS,
2025-05-01T14:44:26.428975,399,1539,CREATE,JIAUL HAQUE,SUCCESS,
2025-05-01T14:44:26.616475,400,1540,CREATE,YASIN ARAFAT,SUCCESS,
2025-05-01T14:44:26.819601,401,1541,CREATE,UTTAM KUMAR,SUCCESS,
2025-05-01T14:44:27.053976,402,1542,CREATE,MD. ANAN CHY,SUCCESS,
2025-05-01T14:44:27.288351,403,1543,CREATE,ANIK PAUL,SUCCESS,
2025-05-01T14:44:27.491475,404,1544,CREATE,MITHUN KHAN,SUCCESS,
2025-05-01T14:44:27.678976,405,1545,CREATE,MD. ROBI KHAN,SUCCESS,
2025-05-01T14:44:27.866476,406,1546,CREATE,HANIF KHAN,SUCCESS,
2025-05-01T14:44:28.116476,407,1547,CREATE,FAHAD HOSSAIN,SUCCESS,
2025-05-01T14:44:28.397726,408,1548,CREATE,MEKAIL MOLLAH,SUCCESS,
2025-05-01T14:44:28.678929,409,1549,CREATE,AKTER HOSSAIN,SUCCESS,
2025-05-01T14:44:28.897655,410,1550,CREATE,MD. YEASIN,SUCCESS,
2025-05-01T14:44:29.100851,411,1551,CREATE,SHIBU SEN,SUCCESS,
2025-05-01T14:44:29.303976,412,1552,CREATE,SHAHAB UDDIN,SUCCESS,
2025-05-01T14:44:29.522731,413,1553,CREATE,NISHAN KHAN,SUCCESS,
2025-05-01T14:44:29.725850,414,1554,CREATE,MD. RAJU,SUCCESS,
2025-05-01T14:44:29.960225,415,1555,CREATE,WAZED ALI,SUCCESS,
2025-05-01T14:44:30.163351,416,1556,CREATE,MEHEDI HAWLADER,SUCCESS,
2025-05-01T14:44:30.335225,417,1557,CREATE,MD. RAYHAN,SUCCESS,
2025-05-01T14:44:30.538351,418,1558,CREATE,MD. ASLAM,SUCCESS,
2025-05-01T14:44:30.741475,419,1559,CREATE,RISHAD,SUCCESS,
2025-05-01T14:44:30.944602,420,1560,CREATE,PROSENJIT DEY DIPTO,SUCCESS,
2025-05-01T14:44:31.132101,421,1561,CREATE,MD. ASIKUZZAMAN SHOVON,SUCCESS,
2025-05-01T14:44:31.335226,422,1562,CREATE,ABDULLAH AL SAIMUM,SUCCESS,
2025-05-01T14:44:31.522730,423,1563,CREATE,JEWEL SHEIKH,SUCCESS,
2025-05-01T14:44:31.694601,424,1564,CREATE,ATAUR ZAMAN,SUCCESS,
2025-05-01T14:44:31.882100,425,1565,CREATE,MD. IBNE GALIB,SUCCESS,
2025-05-01T14:44:32.053976,426,1566,CREATE,MD. REDOY SHEIKH ,SUCCESS,
2025-05-01T14:44:32.241476,427,1567,CREATE,MD. HASAN,SUCCESS,
2025-05-01T14:44:32.522725,428,1568,CREATE,RAFIKUL ISLAM,SUCCESS,
2025-05-01T14:44:32.725851,429,1569,CREATE,PROSANTO KUMER,SUCCESS,
2025-05-01T14:44:32.928913,430,1570,CREATE,BIPLAB PAUL,SUCCESS,
2025-05-01T14:44:33.100851,431,1571,CREATE,HALAL KHAN,SUCCESS,
2025-05-01T14:44:33.303976,432,1572,CREATE,ASHIS SHIL,SUCCESS,
2025-05-01T14:44:33.491477,433,1573,CREATE,RUDRA ROY,SUCCESS,
2025-05-01T14:44:33.678975,434,1574,CREATE,SHAMSUL HAQUE,SUCCESS,
2025-05-01T14:44:33.866476,435,1575,CREATE,MAKAIL MOLLA,SUCCESS,
2025-05-01T14:44:34.100850,436,1576,CREATE,MILLAD UDDIN,SUCCESS,
2025-05-01T14:44:34.288354,437,1577,CREATE,MD KHURSHID,SUCCESS,
2025-05-01T14:44:34.507101,438,1578,CREATE,MANOWAR,SUCCESS,
2025-05-01T14:44:34.678975,439,1579,CREATE,MOJAFFOR,SUCCESS,
2025-05-01T14:44:34.866404,440,1580,CREATE,MAWLA,SUCCESS,
2025-05-01T14:44:35.069601,441,1581,CREATE, MD FARUK,SUCCESS,
2025-05-01T14:44:35.272726,442,1582,CREATE,MD SAJIN,SUCCESS,
2025-05-01T14:44:35.460226,443,1583,CREATE,WASI BIN HABIB,SUCCESS,
2025-05-01T14:44:35.663352,444,1584,CREATE,ARAFAT UDDIN,SUCCESS,
2025-05-01T14:44:35.866476,445,1585,CREATE,MAHAMUDUL HASAN,SUCCESS,
2025-05-01T14:44:36.303979,446,1586,CREATE,BIJOY CHANDRA DAS,SUCCESS,
2025-05-01T14:44:36.522725,447,1587,CREATE,MD. ZAHIN,SUCCESS,
2025-05-01T14:44:36.710226,448,1588,CREATE,SAIFUL ISLAM REZA,SUCCESS,
2025-05-01T14:44:36.913351,449,1589,CREATE,MERAJ UDDIN,SUCCESS,
2025-05-01T14:44:37.116476,450,1590,CREATE,MAHBUBUR RAHMAN,SUCCESS,
2025-05-01T14:44:37.319600,451,1591,CREATE,MD. ZUNAID FARIDI,SUCCESS,
2025-05-01T14:44:37.522726,452,1592,CREATE,ABU SAYEED ROVIN,SUCCESS,
2025-05-01T14:44:37.803976,453,1593,CREATE,NAEEM UDDIN,SUCCESS,
2025-05-01T14:44:38.053976,454,1594,CREATE,MD. ARMAN HOSSAIN,SUCCESS,
2025-05-01T14:44:38.319601,455,1595,CREATE,MD ALFAZE,SUCCESS,
2025-05-01T14:44:38.538351,456,1596,CREATE,RAKIB HASAN ROBIN,SUCCESS,
2025-05-01T14:44:38.772725,457,1597,CREATE,SHAFAYET HOSSAIN,SUCCESS,
2025-05-01T14:44:39.038350,458,1598,CREATE,MD. ALAM,SUCCESS,
2025-05-01T14:44:39.272726,459,1599,CREATE,AMDADUL HAQUE,SUCCESS,
2025-05-01T14:44:39.460226,460,1600,CREATE,MD. N A RAFI,SUCCESS,
2025-05-01T14:44:39.663351,461,1601,CREATE,MD. SAHADAT SUJAN,SUCCESS,
2025-05-01T14:44:39.866476,462,1602,CREATE,OSMAN BIN MOJID AHAD,SUCCESS,
2025-05-01T14:44:40.069600,463,1603,CREATE,SOMSER MOBIN HIDER ABIR,SUCCESS,
2025-05-01T14:44:40.272725,464,1604,CREATE,MD. OAMAN GONI,SUCCESS,
2025-05-01T14:44:40.491476,465,1605,CREATE,ISMAIL HOSSAIN SHAHIN,SUCCESS,
2025-05-01T14:44:40.710227,466,1606,CREATE,NIMMOY HASAN YAMIN,SUCCESS,
2025-05-01T14:44:40.928976,467,1607,CREATE,AZHAR UDDIN MUCHA,SUCCESS,
2025-05-01T14:44:41.132038,468,1608,CREATE,REDOY BHUIYAN,SUCCESS,
2025-05-01T14:44:41.288350,469,1609,CREATE,ROBIN BHUYAN,SUCCESS,
2025-05-01T14:44:41.491476,470,1610,CREATE,ROBI KHAN,SUCCESS,
2025-05-01T14:44:41.694601,471,1611,CREATE,MD OSMAN GONI,SUCCESS,
2025-05-01T14:44:41.882101,472,1612,CREATE,MD. ASHRAFUL,SUCCESS,
2025-05-01T14:44:42.100851,473,1613,CREATE,MD. NISHAN,SUCCESS,
2025-05-01T14:44:42.366476,474,1614,CREATE,MD SOJIB ,SUCCESS,
2025-05-01T14:44:42.569602,475,1615,CREATE,MD ASIF ,SUCCESS,
2025-05-01T14:44:42.757101,476,1616,CREATE,SAJEDUL ISLAM BHUYAN SOHAN,SUCCESS,
2025-05-01T14:44:42.944600,477,1617,CREATE,MIRAJUL ISLAM,SUCCESS,
2025-05-01T14:44:43.132100,478,1618,CREATE,MD.GOLAM KIBRIA RAJU,SUCCESS,
2025-05-01T14:44:43.303976,479,1619,CREATE,MD RIAD HOSSEN,SUCCESS,
2025-05-01T14:44:43.522725,480,1620,CREATE,MD FAHAD,SUCCESS,
2025-05-01T14:44:43.725851,481,1621,CREATE,TOWHID ,SUCCESS,
2025-05-01T14:44:43.897725,482,1622,CREATE,MD ANAM,SUCCESS,
2025-05-01T14:44:43.897725,483,,CREATE/UPDATE,MD ZIHAD ABDUL ,FAILED,UNIQUE constraint failed: employees_employee.nid
2025-05-01T14:44:44.116477,484,1623,CREATE,MD SHIFUL ,SUCCESS,
2025-05-01T14:44:44.319601,485,1624,CREATE,AZAD,SUCCESS,
2025-05-01T14:44:44.522726,486,1625,CREATE,AL FARAH ADID,SUCCESS,
2025-05-01T14:44:44.694601,487,1626,CREATE,SAZZAD HOSAIN TUSHAR,SUCCESS,
2025-05-01T14:44:44.882100,488,1627,CREATE,MD NOMAN UDDIN,SUCCESS,
2025-05-01T14:44:45.053977,489,1628,CREATE,SOHEL HOSAN,SUCCESS,
2025-05-01T14:44:45.272653,490,1629,CREATE,MOJAMMEL HOSSEN LIMON,SUCCESS,
2025-05-01T14:44:45.491479,491,1630,CREATE,MD RABBEY KHAN,SUCCESS,
2025-05-01T14:44:45.678976,492,1631,CREATE,TONMOY PRAMANIK,SUCCESS,
2025-05-01T14:44:45.866477,493,1632,CREATE,ARIF HOSEN,SUCCESS,
2025-05-01T14:44:46.069600,494,1633,CREATE,DURJAY,SUCCESS,
2025-05-01T14:44:46.257101,495,1634,CREATE,SANTO,SUCCESS,
2025-05-01T14:44:46.475851,496,1635,CREATE,ARFATUL HOQ,SUCCESS,
2025-05-01T14:44:46.663351,497,1636,CREATE,MOHIUDDIN,SUCCESS,
2025-05-01T14:44:46.850851,498,1637,CREATE,ARIFUL ISLAM,SUCCESS,
2025-05-01T14:44:47.038351,499,1638,CREATE,MD AFTABUDDIN SALIM,SUCCESS,
2025-05-01T14:44:47.257100,500,1639,CREATE,MD. RABIUL ALAM,SUCCESS,
2025-05-01T14:44:47.460227,501,1640,CREATE,MD KUSED-02,SUCCESS,
2025-05-01T14:44:47.616475,502,1641,CREATE,MOHAMMED SHAHIN SULTAN,SUCCESS,
2025-05-01T14:44:47.803977,503,1642,CREATE,GHAI ANWAR,SUCCESS,
2025-05-01T14:44:48.007028,504,1643,CREATE,SAFIUL ALAM,SUCCESS,
2025-05-01T14:44:48.194601,505,1644,CREATE,MD RABIUL ALAM,SUCCESS,
2025-05-01T14:44:48.413352,506,1645,CREATE,MD KURSED 01,SUCCESS,
2025-05-01T14:44:48.600850,507,1646,CREATE,MD ROHIM,SUCCESS,
2025-05-01T14:44:48.819600,508,1647,CREATE,MD HASAN,SUCCESS,
2025-05-01T14:44:49.007101,509,1648,CREATE,RUBEL NITAIGONJ,SUCCESS,
2025-05-01T14:44:49.225851,510,1649,CREATE,MD. KAIUM,SUCCESS,
2025-05-01T14:44:49.444601,511,1650,CREATE,NARAN KUMAR DAS,SUCCESS,
2025-05-01T14:44:49.663351,512,1651,CREATE,JOY SARKER,SUCCESS,
2025-05-01T14:44:49.866476,513,1652,CREATE,MD ARMAN,SUCCESS,
2025-05-01T14:44:50.069600,514,1653,CREATE,MD KAMRUL,SUCCESS,
2025-05-01T14:44:50.272725,515,1654,CREATE,MD SHOHAG,SUCCESS,
2025-05-01T14:44:50.491475,516,1655,CREATE,MD HASNAT,SUCCESS,
2025-05-01T14:44:50.678976,517,1656,CREATE,MD ARJU,SUCCESS,
2025-05-01T14:44:50.882101,518,1657,CREATE,MD SHIFUL - 2,SUCCESS,
2025-05-01T14:44:51.085226,519,1658,CREATE,MD ABID,SUCCESS,
2025-05-01T14:44:51.288350,520,1659,CREATE,MD MOFIJUL ALAM,SUCCESS,
2025-05-01T14:44:51.491406,521,1660,CREATE,JIHADUL ISLAM,SUCCESS,
2025-05-01T14:44:51.694602,522,1661,CREATE,MD FARID,SUCCESS,
2025-05-01T14:44:51.913351,523,1662,CREATE,MD NASIR,SUCCESS,
2025-05-01T14:44:52.132050,524,1663,CREATE,MD KAMRUZZAMAN SHAWON,SUCCESS,
2025-05-01T14:44:52.350809,525,1664,CREATE,MD SALIM,SUCCESS,
2025-05-01T14:44:52.523522,526,1665,CREATE,SHOHIDUL ALAM EMON,SUCCESS,
2025-05-01T14:44:52.772731,527,1666,CREATE,MD REAZ,SUCCESS,
2025-05-01T14:44:52.991480,528,1667,CREATE,MD JAVED,SUCCESS,
2025-05-01T14:44:53.241482,529,1668,CREATE,MD HOSSAIN KHAN (EMON),SUCCESS,
2025-05-01T14:44:53.444607,530,1669,CREATE,MD SHAH GOLAM RABBI,SUCCESS,
2025-05-01T14:44:53.632109,531,1670,CREATE,MD ISMAIL,SUCCESS,
2025-05-01T14:44:53.819607,532,1671,CREATE,MD ENAMUL HOQUE (RIMON),SUCCESS,
2025-05-01T14:44:54.007106,533,1672,CREATE,MD RAKIB,SUCCESS,
2025-05-01T14:44:54.194607,534,1673,CREATE,SALAUDDIN,SUCCESS,
2025-05-01T14:44:54.382107,535,1674,CREATE,MD SHAHADAT SHUJON,SUCCESS,
2025-05-01T14:44:54.569610,536,1675,CREATE,ABDUL RAHMAN,SUCCESS,
2025-05-01T14:44:54.772731,537,1676,CREATE,MD ZAHIDUR RAHAMAN KHAN,SUCCESS,
