timestamp,old_pk,new_pk,action,name,status,error
2025-05-01T14:37:19.257248,1,1134,CREATE,SANKAR CHOWDHURY ,SUCCESS,
2025-05-01T14:37:19.460372,2,1135,CREATE,MD.AL MASUD,SUCCESS,
2025-05-01T14:37:19.647804,3,1136,CREATE,MD.SHAH JAMAL,SUCCESS,
2025-05-01T14:37:19.835373,4,1137,CREATE,RABIUL ALAM,SUCCESS,
2025-05-01T14:37:20.038424,5,1138,CREATE,MD.ABIRUL ISLAM,SUCCESS,
2025-05-01T14:37:20.225957,6,1139,CREATE,MD.KHURSHID ALAM,SUCCESS,
2025-05-01T14:37:20.444747,7,1140,CREATE,KAZI LIPAN HOSSAIN,SUCCESS,
2025-05-01T14:37:20.663497,8,1141,CREATE,MD.OMUR FARUK,SUCCESS,
2025-05-01T14:37:20.850997,9,1142,CREATE,RAJU AHMED,SUCCESS,
2025-05-01T14:37:21.054122,10,1143,CREATE,MRINAL KANTI SARKER,SUCCESS,
2025-05-01T14:37:21.241622,11,1144,CREATE,MD.NAWSHAD ALI,SUCCESS,
2025-05-01T14:37:21.241622,12,,CREATE/UPDATE,SANKAR CHOWDHURY,FAILED,UNIQUE constraint failed: employees_employee.nid
2025-05-01T14:37:21.413497,13,1145,CREATE,MONIRUZZAMAN MONI ,SUCCESS,
2025-05-01T14:37:21.600997,14,1146,CREATE,MD MAFIZUR RAHMAN ,SUCCESS,
2025-05-01T14:37:21.788497,15,1147,CREATE,MD AL AMIN ,SUCCESS,
2025-05-01T14:37:21.960372,16,1148,CREATE,MIR MONOWAR HOSSAIN,SUCCESS,
2025-05-01T14:37:22.179105,17,1149,CREATE,MD. JOBAIR NOOR RAKIB,SUCCESS,
2025-05-01T14:37:22.382249,18,1150,CREATE,ATIKUR RAHAMAN,SUCCESS,
2025-05-01T14:37:22.569748,19,1151,CREATE,TUSHAR CHOUDHURY,SUCCESS,
2025-05-01T14:37:22.772873,20,1152,CREATE,FARHAD HOSSAIN SHUVO,SUCCESS,
2025-05-01T14:37:22.975997,21,1153,CREATE,IMAM HOSSAIN RAYHAN,SUCCESS,
2025-05-01T14:37:23.163497,22,1154,CREATE,MD ABDUL HAQUE FARHAD,SUCCESS,
